Titel,Teaser,Datum,Link,Inhalt
Vizekanzler Strache kritisiert Gründung einer kosovarischen Armee,"Wien (OTS) - Österreichs Vizekanzler Heinz-Christian Strache übte heute scharfe Kritik am Beschluss des kosovarischen Parlaments, eine eigene Armee zu gründen. Laut UNO-Resolution 1244 habe der Kosovo auch kein...",2018-12-14T14:04:03+01:00,https://www.ots.at/presseaussendung/OTS_20181214_OTS0133/vizekanzler-strache-kritisiert-gruendung-einer-kosovarischen-armee,"Wien (OTS) - Österreichs Vizekanzler Heinz-Christian Strache übteheute scharfe Kritik am Beschluss des kosovarischen Parlaments, eineeigene Armee zu gründen. Laut UNO-Resolution 1244 habe der Kosovoauch kein Recht auf eine Armee. Strache verwies in diesemZusammenhang auch auf die Aussagen von NATO-Generalsekretär JensStoltenberg, der diesen Schritt Kosovos ausdrücklich bedauerte.Der Vizekanzler befürchtet, dass dieses Vorgehen nun zu einerweiteren Destabilisierung der Region führen werde. Es handle sich umeinen weiteren Alleingang Kosovos wie zuvor schon bei der Anhebungder Zölle auf serbische Waren auf 100 Prozent. Wenn Pristina weiterso agiere, isoliere es sich international. Für den Frieden auf demBalkan sei dies alles andere als förderlich.OTS-ORIGINALTEXT PRESSEAUSSENDUNG UNTER AUSSCHLIESSLICHER
INHALTLICHER VERANTWORTUNG DES AUSSENDERS - WWW.OTS.AT | NFPprintStichworteFPÖStracheVizekanzlerKosovoChannelPolitik"
Hafenecker/Nehammer: „Notstandshilfe wird als Versicherungsleistung ins Arbeitslosengeld NEU integriert“,"Wien (OTS) - Entgegen anderslautender heutiger Medienberichte stellen die Generalsekretäre von FPÖ und ÖVP, Christian Hafenecker und Karl Nehammer klar, dass die Notstandshilfe als Versicherungsleistung künftig...",2018-12-04T11:54:16+01:00,https://www.ots.at/presseaussendung/OTS_20181204_OTS0114/hafeneckernehammer-notstandshilfe-wird-als-versicherungsleistung-ins-arbeitslosengeld-neu-integriert,"Wien (OTS) - Entgegen anderslautender heutiger Medienberichte stellendie Generalsekretäre von FPÖ und ÖVP, Christian Hafenecker und KarlNehammer klar, dass die Notstandshilfe als Versicherungsleistungkünftig in das Arbeitslosengeld NEU integriert wird. Es wird eindegressiveres Modell geschaffen, wodurch derjenige, der längereBeitragszeiten erworben hat, auch länger und höher bezugsberechtigtist.OTS-ORIGINALTEXT PRESSEAUSSENDUNG UNTER AUSSCHLIESSLICHER
INHALTLICHER VERANTWORTUNG DES AUSSENDERS - WWW.OTS.AT | NFPprintStichworteFPÖÖVPHafeneckerNehammerNotstandshilfeChannelPolitikChronik"
Freiheitliche Jugend: Bundesseminar „Zeichen setzen“ war voller Erfolg,150 Jugendliche trafen sich in Oberösterreich zum Gedankenaustausch,2018-12-04T09:20:08+01:00,https://www.ots.at/presseaussendung/OTS_20181204_OTS0028/freiheitliche-jugend-bundesseminar-zeichen-setzen-war-voller-erfolg,"150 Jugendliche trafen sich in Oberösterreich zum GedankenaustauschUtl.: 150 Jugendliche trafen sich in Oberösterreich zumGedankenaustausch =Wien (OTS) - Bereits zum dritten Mal veranstaltete die FreiheitlicheJugend ein Bundesseminar im winterlich verschneiten Gosau inOberösterreich, das heuer unter dem Motto „Zeichen setzen“ wiederviele Mitglieder aus allen Bundesländern anlockte. Vom 30. Novemberbis zum 2. Dezember wurde diskutiert, weitergebildet und Geselligkeitgepflegt. Erfreut zeigten sich das Führungsduo der FreiheitlichenJugend, der Wiener Stadtrat Maximilian Krauss und Bundesrat MichaelRaml, über die zahlreiche Teilnahme aus ganz Österreich: „Mit über150 Teilnehmern ist die große Beteiligung wieder einmal der Beweis,wie breit die Freiheitliche Jugend in allen Gesellschaftsschichtenaufgestellt ist.“ Neben Themen wie Social Media und Rhetorik wurdenauch Seminare über Verhalten in Interviews und vor der Kameraangeboten. Abseits von politischen Inhalten waren eineFackelwanderung und ein Geselligkeitsabend die Höhepunkte einesereignisreichen Wochenendes.„Außerdem hat es uns sehr gefreut, den Wiener VizebürgermeisterDominik Nepp, den oberösterreichischen Landesrat Elmar Podgorschekund den zweiten Landtagspräsidenten aus Oberösterreich, AdalbertCramer, zu Kamingesprächen begrüßen zu können“, erklärten die beidenJungpolitiker. Ganz bewusst sei die Wahl des Mottos auf „Zeichensetzen“ gefallen, betonten die beiden: „Als die patriotischeJugendorganisation ist es uns ein besonderes Anliegen, junge Menschenzu kritischem Denken zu motivieren und sie dazu zu ermutigen, sichpolitisch zu engagieren. Politik soll sich nicht auf ältereGenerationen beschränken, denn vor allem junge Leute haben mit neuenIdeen großes Potential, Zeichen zu setzen.“OTS-ORIGINALTEXT PRESSEAUSSENDUNG UNTER AUSSCHLIESSLICHER
INHALTLICHER VERANTWORTUNG DES AUSSENDERS - WWW.OTS.AT | NFPprintStichworteFPÖJugendFreiheitlicheJugendRamlKraussGesellschaftBevölkerungChannelPolitik"
Philippa Strache: „Neues Wiener Tierhaltegesetz ist eine Farce“,„Wiener Regelung (wenn man sie so bezeichnen mag) geht an den Bedürfnissen der Hunde und ihren Besitzern vorbei“,2018-11-30T14:27:14+01:00,https://www.ots.at/presseaussendung/OTS_20181130_OTS0185/philippa-strache-neues-wiener-tierhaltegesetz-ist-eine-farce,"„Wiener Regelung (wenn man sie so bezeichnen mag) geht an den Bedürfnissen der Hunde und ihren Besitzern vorbei“Utl.: „Wiener Regelung (wenn man sie so bezeichnen mag) geht an denBedürfnissen der Hunde und ihren Besitzern vorbei“ =Wien (OTS) - Als „Scheinlösung"" bezeichnete heute dieBundestierschutzbeauftragte der FPÖ, Philippa Strache, das im WienerLandtag beschlossene neue Wiener Tierhaltegesetz, das unter anderemeine generelle Maulkorbflicht für Listenhunde vorsieht. „Hier werdenbestimmte Hunderassen automatisch zu ,Bestien‘ hochstilisiert,während die wahren Probleme einfach negiert werden. Mit der jetztbeschlossenen Anlassgesetzgebung im Wiener Landtag werdenSachlichkeit und sinnvolle Lösungsansätze hintangestellt, nur um dasThema schnell vom Tisch wischen zu können. Das aktuelleMaßnahmenpaket, das auch ein Alkolimit für Listenhundehalter sowieeinen – nur leicht abgeschwächten – Freibrief zur ,ex lege‘-Tötungvon ,bissigen‘ Hunden beinhaltet, richtet jedoch mehr Schaden an alsNutzen und steht im starken Widerspruch zu einem verantwortungsvollenTierschutz“, betonte Strache.Offenbar sei es der Wiener Tierschutzstadträtin Sima nicht gelungen,eine gute Lösung im Interesse der Hunde und der Hundebesitzer in derStadt zu finden. „Hier wurde bedauerlicherweise erneut in einerSchnellaktion ein Gesetz beschlossen, nur um dieses Thema so raschwie möglich wieder loszuwerden. Egal, was das an Konsequenzen für dieHundehalter bedeutet. Mal abgesehen von der nur noch zusätzlichbefeuerten Verunsicherung in der Bevölkerung. Anscheinend haben dieVerantwortlichen nicht verstanden, dass es hier und einfunktionierendes Miteinander benötigt wird und kein „wie bekommen wirdie Hunde peu a peu aus Wien raus“! Probleme, Missstände undMissbrauch werden auch weiterhin der Alltag für viele Hunde undHundebesitzer sein“, so Strache.„Bei all diesen Punkten wird der Hund als Mittelpunkt des Problemsdargestellt, während die Themen Verantwortung des Hundehalters sowieAufklärung über den korrekten Umgang mit Tieren, Rasse etc. viel zukurz kommen. Nach dem Beschluss des Tierschutzgesetzes im Jahr 2010ist das eine weitere Pauschalverurteilung bestimmter Hunderassen! Dasist der absolut falsche Weg, nämlich ein Weg, der uns bald zuZuständen wie in Dänemark führen wird. Die neue Wiener Regelung hättedie Chance geboten, einen neuen Weg im Sinne der Mensch-TierBeziehung zu gehen, offensichtlich interessiert das dieVerantwortlichen jedoch wenig“, so Philippa Strache.OTS-ORIGINALTEXT PRESSEAUSSENDUNG UNTER AUSSCHLIESSLICHER
INHALTLICHER VERANTWORTUNG DES AUSSENDERS - WWW.OTS.AT | NFPprintStichworteFPÖStracheTierschutzTiereWienHuman InterestChannelPolitikChronik"
FPÖ: AVISO: Buchpräsentation morgen in Graz „HC STRACHE – Vom Rebell zum Staatsmann“,WIEN (OTS) - Hiermit laden wir die Kolleginnen und Kollegen der Medien zu folgendem Termin ein:,2018-11-28T18:02:59+01:00,https://www.ots.at/presseaussendung/OTS_20181128_OTS0256/fpoe-aviso-buchpraesentation-morgen-in-graz-hc-strache-vom-rebell-zum-staatsmann,"WIEN (OTS) - Hiermit laden wir die Kolleginnen und Kollegen derMedien zu folgendem Termin ein:Buchpräsentation „HC STRACHE – Vom Rebell zum Staatsmann“Es nehmen teil:FPÖ-Bundesparteiobmann Vizekanzler Heinz-Christian Strache,Landesparteiobmann der FPÖ Steiermark Bundesminister Mario Kunasek,die Wiener Stadträtin Ursula Stenzel sowie der Autor des Buches LAbg.Martin Hobek und Verleger Wolfgang Dvorak-Stocker.Donnerstag, 29. November 2018, Einlass: 19:30 Uhrmit anschließender SignierstundeORT: Messe Congress Graz, Haupteingang StadthalleOTS-ORIGINALTEXT PRESSEAUSSENDUNG UNTER AUSSCHLIESSLICHER
INHALTLICHER VERANTWORTUNG DES AUSSENDERS - WWW.OTS.AT | NFPprintStichworteFPÖTerminBuchpräsentationSteiermarkStracheChannelPolitikChronik"
"FPÖ/ÖSR-Neubauer: ""LAbg. Dr. Walter Ratt seit 15 Jahren an der Spitze des Oberösterreichischen Seniorenrings""","""Silbernes Ehrenzeichen für Verdienste um die Republik Österreich für seine Leistungen 2015 erhalten""",2018-11-28T10:33:11+01:00,https://www.ots.at/presseaussendung/OTS_20181128_OTS0081/fpoeoesr-neubauer-labg-dr-walter-ratt-seit-15-jahren-an-der-spitze-des-oberoesterreichischen-seniorenrings,"""Silbernes Ehrenzeichen für Verdienste um die Republik Österreich für seine Leistungen 2015 erhalten""Utl.: ""Silbernes Ehrenzeichen für Verdienste um die RepublikÖsterreich für seine Leistungen 2015 erhalten"" =Wien (OTS) - Der Bundesobmann des Österreichischen Seniorenrings undSeniorensprecher des Freiheitlichen Parlamentsklubs NAbg. WernerNeubauer gratuliert und bedankt sich bei seinem Weggefährten undKamaraden LAbg. Dr. Walter Ratt sehr herzlich für seinen langjährigenunermüdlichen Einsatz an der Spitze des OberösterreichischenSeniorenrings.„Darüber hinaus ist Walter Ratt mein Stellvertreter als Bundesobmannsowie stimmberechtigtes Ersatzmitglied im Präsidium und im Vorstanddes Österreichischen Seniorenrats, wo er sich beherzt für dieInteressen der älteren Generation einsetzt. Auch in seiner Funktionals freiheitlicher Abgeordneter zum Oberösterreichischen Landtagkämpft er unermüdlich für die Grundrechte und Würde der Senioren“,sagte Neubauer.„Ich darf Walter Ratt auf diesem Wege nochmals meinen Dank und meineAnerkennung für seine Leistung zum Ausdruck bringen und wünsche mir,dass er noch viele weitere Jahre so engagiert für unsere Senioren imEinsatz ist“, bekräftigte Neubauer.OTS-ORIGINALTEXT PRESSEAUSSENDUNG UNTER AUSSCHLIESSLICHER
INHALTLICHER VERANTWORTUNG DES AUSSENDERS - WWW.OTS.AT | NFPprintStichworteFPÖNeubauerRattSilbernes_EhrenzeichenSeniorenGesellschaftBevölkerungChannelPolitikChronik"
Vizekanzler Strache: Kosovo muss Zollerhöhung für serbische Waren zurücknehmen!,Wien (OTS) - Empört zeigte sich Österreichs Vizekanzler und FPÖ-Bundesparteiobmann Heinz-Christian Strache über das Vorgehen der kosovarischen Regierung beim Zollabkommen mit Serbien. Kosovo hat nämlich die...,2018-11-23T12:13:05+01:00,https://www.ots.at/presseaussendung/OTS_20181123_OTS0131/vizekanzler-strache-kosovo-muss-zollerhoehung-fuer-serbische-waren-zuruecknehmen,"Wien (OTS) - Empört zeigte sich Österreichs Vizekanzler undFPÖ-Bundesparteiobmann Heinz-Christian Strache über das Vorgehen derkosovarischen Regierung beim Zollabkommen mit Serbien. Kosovo hatnämlich die Zölle auf serbische Waren vor 15 Tagen von 1 auf 10Prozent erhöht und in der letzten Regierungssitzung auf 100 Prozentangehoben.Im Gespräch mit Vertretern der kosovarischen Regierung vor wenigenTagen in Wien verlangte der Vizekanzler die Rücknahme der Erhöhungauf 10 Prozent. „Dass jetzt sogar auf 100 Prozent erhöht wird, istein Affront sondergleichen und führt ganz sicher zu keinerNormalisierung der Beziehungen“, kritisierte Strache. „Einige lokalePolitiker im Kosovo haben sogar öffentlich serbische Lebensmittelverbrannt. Das ist absolut letztklassig.“ Kosovo müsse sich an dasCEFTA-Abkommen halten.OTS-ORIGINALTEXT PRESSEAUSSENDUNG UNTER AUSSCHLIESSLICHER
INHALTLICHER VERANTWORTUNG DES AUSSENDERS - WWW.OTS.AT | NFPprintStichworteFPÖStracheSerbienKosovoChannelPolitik"
FPÖ: „Das neue Waffengesetz ist auf den Weg gebracht“,„Neben der Umsetzung der EU-Waffenrechtsrichtline gibt es endlich auch Verbesserungen für Jäger und Sportschützen“,2018-11-20T08:41:44+01:00,https://www.ots.at/presseaussendung/OTS_20181120_OTS0019/fpoe-das-neue-waffengesetz-ist-auf-den-weg-gebracht,"„Neben der Umsetzung der EU-Waffenrechtsrichtline gibt es endlich auch Verbesserungen für Jäger und Sportschützen“Utl.: „Neben der Umsetzung der EU-Waffenrechtsrichtline gibt esendlich auch Verbesserungen für Jäger und Sportschützen“ =Wien (OTS) - Während der Entwurf zur Novelle des Waffengesetzes dievierwöchige Begutachtungsfrist durchlaufen hat, sind zahlreicheStellungnahmen im Innenministerium eingelangt. Hier zeigte sichwieder besonders die Bürgernähe von Innenminister Herbert Kickl,seinem Kabinett und dem freiheitlichen Parlamentsklub. VieleVorschläge und Verbesserungswünsche fanden noch den Weg in dieses sosensible Gesetz.„Die Waffengesetznovelle, welche die EU-Waffenrichtlinie inösterreichisches Recht umsetzt, ist in seiner ausgewogenenAusgestaltung die nötige Mischung zwischen dem Sicherheitsbedürfnisund den einzelnen Freiheitsrechten der österreichischen Bevölkerung.Es ist mit der Umsetzung der Richtlinie gelungen, die nötigenVerschärfungen mit Verbesserungen in der Verwaltung und einer bisherfehlenden Rechtssicherheit zu verknüpfen. Somit konnten dieAuswirkungen auf den einzelnen legalen Waffenbesitzer so gering alsmöglich gehalten werden, dementsprechend wird das Recht, Waffen imbisherigen Ausmaß zu besitzen, nicht eingeschränkt“, so InnenministerHerbert Kickl zum Pressedienst der FPÖ.In der Vergangenheit wurden Novellen des Waffengesetzes immer mehrzulasten der österreichischen „Legalwaffenbesitzer“ ausgetragen. Dieshat sich nun, soweit mit der EU-Richtline vertretbar, geändert.Sowohl Jäger als auch Sportschützen profitieren vom neuen Gesetz, umihrer Profession so gut wie möglich nachgehen zu können. Denfreiheitlichen Verhandlern war es besonders wichtig, dass ab dem 1.Jänner 2019 Jäger der Jagd mit einem Schallmodulator(„Schalldämpfer“) nachgehen können. Die Kombination einer gültigenWaffenbesitz- und Jagdkarte erlaubt nun auch das Führen einer Waffeder „Kategorie B“ zur Ausübung der Jagd. Dies erlaubt nun allenJägern mit genannten Voraussetzungen eine sichere und effektiveNachsuche.Auch Sportschützen fanden im neuen Entwurf ihre Berücksichtigung, soreicht bei der Beantragung einer Waffenbesitzkarte (WBK) alsBegründung „Sportschütze“, die zur Ausübung des Sportes benötigteAnzahl an Waffen der „Kategorie B“ (genehmigungspflichtige Waffen)wurde erleichtert und mit der Definition des „Sportschützen“ eineRechtssicherheit geschaffen. Mitglieder von Sportschützenvereinen mitmehr als 35 Mitgliedern oder Sportschützenvereinen, welche in einemLandessportverband des ÖSB organisiert sind, ist es auch weiterhingestattet, Magazine mit hoher Kapazität zu erwerben und sportlich zuverwenden, sofern eine sportliche Aktivität den Bedarf rechtfertigt.Der Altbestand an Magazinen muss zwar binnen zwei Jahren gemeldetwerden, der Besitz ist aber gesichert.Den Verhandlern unter Innenminister Herbert Kickl und derFreiheitlichen Partei war und ist es besonders wichtig, dass„Österreichs Legalwaffenbesitzer“ und ganz besonders den Jägern undSportschützen keine weiteren „Steine in den Weg“ gelegt werden, umihrem Hobby nachzugehen. Immerhin gehört die Jagd zu ÖsterreichsKultur und Identität und unsere Sportschützen erreichen regelmäßiginternationale Spitzenplätze.Gerade dem Innenministerium liegt es am Herzen, die Sicherheit in derÖffentlichkeit durch die Möglichkeit von Waffenpässen für Beamte, diean Schusswaffen trainiert sind, zu erhöhen. So ist es nun auchJustizwachebeamten und Militärpolizisten möglich, neben Polizisten,einen Waffenpass zu erlangen, um Pistole oder Revolver in derFreizeit zu führen. Diese Beamte beweisen tagtäglich ihreVerlässlichkeit und den sicheren Umgang mit ihren zugewiesenenWaffen.Innenminister Herbert Kickl bedankte sich von ganzem Herzen beiseinen Mitarbeitern im BMI, den Fachreferenten des FreiheitlichenParlamentsklubs und den vielen Einbringern der Stellungnahmen fürdiese hervorragende Arbeit zu diesem Gesetz.OTS-ORIGINALTEXT PRESSEAUSSENDUNG UNTER AUSSCHLIESSLICHER
INHALTLICHER VERANTWORTUNG DES AUSSENDERS - WWW.OTS.AT | NFPprintStichworteFPÖKicklBMIWaffengesetzChannelPolitikChronik"
"FPÖ/FJ-Raml: ""Streiks in der Metalltechnischen Industrie sind bedauerlich""","""SJ-Herr bedient sich Klassenkampfrhetorik und konterkariert jeglichen sachlichen Diskurs""",2018-11-13T09:30:22+01:00,https://www.ots.at/presseaussendung/OTS_20181113_OTS0044/fpoefj-raml-streiks-in-der-metalltechnischen-industrie-sind-bedauerlich,"""SJ-Herr bedient sich Klassenkampfrhetorik und konterkariert jeglichen sachlichen Diskurs""Utl.: ""SJ-Herr bedient sich Klassenkampfrhetorik und konterkariertjeglichen sachlichen Diskurs"" =Wien (OTS) - Auf die Solidaritätsbekundungen der Vorsitzenden derSozialistischen Jugend, Julia Herr, für die Streiks in derMetalltechnischen Industrie reagiert der geschäftsführendeBundesobmann der Freiheitlichen Jugend, Bundesrat Dr. Michael Raml,mit Unverständnis: ""Die SJ bedient sich mit ihrem Unternehmer-Bashingund ihren Solidaritätsbekundungen für die Streiks der Arbeitnehmerganz klar klassenkämpferischer Rhetorik. Das beweist wieder einmal,dass die Sozialistische Jugend mit ihrer Denkweise im vorigenJahrhundert steckengeblieben ist."" Der freiheitliche Bundesrat führtweiter aus: ""Aus meiner Sicht können Streiks wirklich nur dasallerletzte Mittel, die ultima ratio, sein. SolangeArbeitnehmerinteressen nicht negiert und ausgeblendet werden, gehörenfür mich Verhandlungen auf den Tisch und nicht auf die Straße.""Für Raml seien Streiks wirklich nur das letzte Mittel, wenngrundlegende Arbeitnehmerinteressen und Errungenschaften derArbeiterschaft bedroht werden. Ansonsten kosten die Streiks derWirtschaft nur Geld und einig werde man sich auf diesem Weg auchnicht. Der Jungpolitiker appelliert an die Verantwortlichen:""Klassenkampf ist etwas für das 20. Jahrhundert. Die beste Lösung istimmer noch der Dialog zwischen Arbeitnehmern und Arbeitgebern. Nur imMiteinander kann man Probleme lösen und die Wirtschaft gemeinsamvorantreiben. Ich appelliere an die Verantwortlichen, zurück auf denVerhandlungstisch zu kommen, denn die Straße ist kein Ort für eingelungenes Miteinander!""OTS-ORIGINALTEXT PRESSEAUSSENDUNG UNTER AUSSCHLIESSLICHER
INHALTLICHER VERANTWORTUNG DES AUSSENDERS - WWW.OTS.AT | NFPprintStichworteFPÖRamlFreiheitlicheJugendMetaller-KVStreikChannelPolitik"
Freiheitliche Jugend feiert mit Vizekanzler HC Strache und 400 Jugendlichen Geburtstag,60 Jahre im Zeichen von Patriotismus und Geschlossenheit,2018-10-28T10:32:50+01:00,https://www.ots.at/presseaussendung/OTS_20181028_OTS0015/freiheitliche-jugend-feiert-mit-vizekanzler-hc-strache-und-400-jugendlichen-geburtstag,"60 Jahre im Zeichen von Patriotismus und GeschlossenheitUtl.: 60 Jahre im Zeichen von Patriotismus und Geschlossenheit =Wien (OTS) - Im Rahmen einer großen Feier und in Anwesenheit vonVizekanzler HC Strache zelebrierte die Freiheitliche Jugend ihren 60.Geburtstag. Am Nationalfeiertag kamen Mitglieder aus allenBundesländern nach Wien, um in der Ottakringer Brauerei demerfreulichen Anlass beizuwohnen. Erfreut zeigte sich auch dasFührungsduo der Freiheitlichen Jugend, Bundesobmann StadtratMaximilian Krauss und Bundesrat Michael Raml, über die gelungeneVeranstaltung: „Bei solchen Events zeigt sich wieder einmal dieGeschlossenheit unserer Bewegung, bei uns werden Kameradschaft undZusammenhalt hochgehalten.“ Bundesrat Raml ergänzt: „Vor 60 Jahrenals kleine Vorfeldorganisation von Jungfreiheitlichen gegründet, hatsich die Freiheitliche Jugend im Laufe der Jahrzehnte zu einemstabilen Faktor im Bereich der Jugendvereine entwickelt.“ Den Erfolgführt StR Krauss vor allem darauf zurück: „In Zeiten wie diesen, wodurch gesellschaftliche Umbrüche schnell Werte über Bord geworfenwerden, bietet die Freiheitliche Jugend Stabilität und Halt. Bei unswerden Werte wie Kameradschaft und und Heimatverbundenheit noch immerhochgehalten.“„Wir bringen die Themen, die die Jugend bewegen, auf den Punkt.Manchmal vielleicht mit etwas spitzer Zunge, aber diese Klarheit derWorte wird von vielen geschätzt und ist sicher auch ein Garant dafür,dass sich die Freiheitliche Jugend im Laufe der Jahre so gut haltenkonnte und heute mehr denn je gebraucht wird“, sind sich die beidensicher. „Mit unserem breiten Angebot an Seminaren bzw. Workshops undFreizeitgestaltungsmöglichkeiten haben wir die richtige Balancezwischen politischer Arbeit und geselligem Zusammensein gefunden.Nicht umsonst bleiben Kameraden beim RFJ oftmals Freunde fürs Leben.Und nicht umsonst werden Jungpolitiker, die ihre Wurzeln bei unshaben, zu namhaften Größen in der Politik“, sind sich die beideneinig. In der Frage, was die Freiheitliche Jugend denn nun ausmacht,antworten die Bundesobmänner: „Bei uns ist für jeden etwas dabei,egal ob Ausflug in die Berge oder Rhetorikseminar. Die Kombinationzwischen Freizeitgestaltung und dem Hochhalten von gewissen Wertensind die Grundlage unseres Erfolgs. Das wird sich auch in dennächsten 60 Jahren nicht ändern.“„Ich gratuliere unseren „Jungfreiheitlichen“ unter Obmann MaximillianKrauss und Michael Raml, welche eine exzellente Arbeit machen. Werdie Jugend auf seiner Seite hat, dem gehört die Zukunft. Und die FPÖhat bei den 16 bis 35-jährigen die größte Unterstützung“, soFPÖ-Bundesparteiobmann Vizekanzler HC Strache.Hier das Video zum Jubiläum:https://m.youtube.com/watch?v=SFjustkD6aY&feature=youtu.beOTS-ORIGINALTEXT PRESSEAUSSENDUNG UNTER AUSSCHLIESSLICHER
INHALTLICHER VERANTWORTUNG DES AUSSENDERS - WWW.OTS.AT | NFPprintStichworteFPÖJugendJubiläumGesellschaftBevölkerungChannelPolitikChronik"
"Freiheitliche Jugend begrüßt Petition ""Deutsch am Pausenhof"" von LH-Stv. Manfred Haimbuchner ausdrücklich",Deutsch als Schulsprache unumgänglich,2018-10-28T09:33:27+01:00,https://www.ots.at/presseaussendung/OTS_20181028_OTS0008/freiheitliche-jugend-begruesst-petition-deutsch-am-pausenhof-von-lh-stv-manfred-haimbuchner-ausdruecklich,"Deutsch als Schulsprache unumgänglichUtl.: Deutsch als Schulsprache unumgänglich =Wien (OTS) - Ihre ""ausdrückliche Unterstützung"" für die vonLandeshauptmann-Stv. Manfred Haimbuchner initiierte Online-Petition""Deutsch am Pausenhof"" gaben die beiden Bundesobmänner derFreiheitlichen Jugend, StR Maximilian Krauss und BR Michael Raml,heute bekannt. Zweck dieser Petition ist es, hier ein Bekenntnisaller Verantwortlichen in der Angelegenheit Schulsprache Deutsch zuerreichen, denn ""für eine reibungslose Kommunikation in den Schulenhalten wir es für notwendig, die deutsche Sprache nicht nur alsUnterrichtssprache, sondern auch als Pausensprache gesetzlich zuverankern"", so die beiden Jungpolitiker. ""Eine gemeinsame Sprache istnicht nur für eine bessere Kommunikation wesentlich, sondern trägtauch zur Leistungsförderung und zu einer gelungenen Integrationerheblich bei"", ergänzt Krauss.""Da für eine funktionierende Gesellschaft eine gemeinsame Spracheunverzichtbar ist, appellieren wir an die Verantwortlichen, dieVerwendung der deutschen Sprache in den österreichischen Schulenverpflichtend vorzusehen"", erklärt Raml und führt weiter aus: ""Um eingeordnetes und respektvolles Miteinander zu garantieren, reicht esdemnach nicht, Deutsch nur als Unterrichtssprache zu verwenden. Auchwährend der Pausen und bei diversen anderen Schulveranstaltungen musses zum Usus werden, in der gleichen Sprache miteinander zukommunizieren."" Um rechtliche Bedenken aus dem Weg zu räumen,erinnern die beiden Jungfreiheitlichen an das Rechtsgutachten zweierunabhängiger Verfassungsrechts-Experten der Universität Innsbruck,wonach alle verfassungsrechtlichen Zweifel an der Regelung widerlegtwerden.OTS-ORIGINALTEXT PRESSEAUSSENDUNG UNTER AUSSCHLIESSLICHER
INHALTLICHER VERANTWORTUNG DES AUSSENDERS - WWW.OTS.AT | NFPprintStichworteFPÖFJSchuleSpracheHaimbuchnerBildungChannelPolitikChronik"
FPÖ-Svazek: „Wer schützt uns eigentlich vor Erhard Busek?“,„Erhard Busek betreibt in seinem Gastkommentar in der „Presse“ Realitätsverweigerung auf niedrigstem Niveau“,2018-10-17T14:03:21+02:00,https://www.ots.at/presseaussendung/OTS_20181017_OTS0160/fpoe-svazek-wer-schuetzt-uns-eigentlich-vor-erhard-busek,"„Erhard Busek betreibt in seinem Gastkommentar in der „Presse“ Realitätsverweigerung auf niedrigstem Niveau“Utl.: „Erhard Busek betreibt in seinem Gastkommentar in der „Presse“Realitätsverweigerung auf niedrigstem Niveau“ =Wien (OTS) - „Wenn man den Gastkommentar von Erhard Busek in derheutigen Ausgabe der Tageszeitung „Die Presse“ liest, stellt sich dieFrage: In welcher Welt leben Sie eigentlich, Herr Busek? DieGrenzkontrollen zu Slowenien als „eigenartig“ zu bezeichnen, ist einklares Zeichen dafür, dass Sie Realitätsverweigerung auf niedrigstemNiveau betreiben. Scheinbar haben Sie noch nicht begriffen, dass dieMigrationssituation extrem angespannt ist und bleibt. Ja, wir habenhier ein massives Problem: Die griechischen Inseln sind massivüberlastet, wöchentlich werden 1000 Personen auf das Festlandüberstellt. Außerdem gibt es eine 250-prozentige Steigerung an dertürkisch/griechischen Landgrenze. Bleiben diese Menschen dort wo siesind? Nein, sie ziehen weiter! Sie ziehen Richtung Europa, HerrBusek! Der Innenminister hat dieses Problem erkannt, er nimmt seineVerantwortung gegenüber den Bürgerinnen und Bürgern wahr und er wirdmit der Verlängerung der Grenzkontrollen dem Sicherheitsbedürfnis derÖsterreicherinnen und Österreichern gerecht. Und was machen Sie, HerrBusek? Sie meinen die Regierungskoalition „bewegt sich auf Gefahrenzu“ und beziehen sich dabei auf unseren Innenminister. Die einzigeGefahr für diese Republik sind Realitätsverweigerer wie Sie, HerrBusek! Darum frage ich mich: Wer schützt uns eigentlich vor Ihnen,Herr Busek? Denn Ihre Ansichten und Aussagen sind eines ehemaligenVizekanzlers unwürdig. Österreich kann von Glück reden, dass wir mitHerbert Kickl endlich einen Innenminister haben, der nicht die Augenvor der Realität verschließt und nicht nur alles schönredet, sondernProbleme erkennt und Maßnahmen setzt für unser Land und die Menschen,die hier leben“, so die Salzburger FPÖ-Landesparteiobfrau MarleneSvazek.„Eine Aufstockung der Polizei, Herr Busek, hat nichts mit einemPolizeistaat zu tun, sondern Innenminister Kickl kommt auch mitdieser Maßnahme dem Sicherheitsbedürfnis unserer Bürgerinnen undBürger nach, denn eine ausreichende Polizeipräsenz garantiertSicherheit und unsere Polizistinnen und Polizisten leistenhervorragende Arbeit. Dass wir mit dem Polizeinachwuchs künftig keinegute Handhabung von Sicherheit und Ordnung haben, ist eineUnterstellung, die sich unsere zukünftigen Polizistinnen undPolizisten, die eine äußerst fordernde Ausbildung absolvieren, nichtgefallen lassen müssen. Ich fordere Sie daher auf, solcheUnterstellung in Zukunft zu unterlassen! Und wenn Sie sich einmalumfassend mit dem Thema auseinandersetzen würden, würden Sie wissen,dass die Anforderungen für die Aufnahme in den Polizeidienst nichtgesenkt werden, sondern, dass das Aufnahmeprozedere optimiert wird.Das, Herr Busek, hat nichts mit einer Senkung derAufnahmeanforderungen zu tun“, so Svazek weiter.„Herr Busek, wenn Sie der Realität in die Augen schauen, stellt sichIhre Frage, ob das Leben in Österreich gefährlich ist oder nicht,nicht mehr. Als ehemaliger Politiker müssten Sie eigentlich wissen,dass man nicht darauf wartet, bis etwas passiert, dass man nichtdarauf wartet, bis wieder zigtausende Menschen an unseren Grenzenstehen, sondern, dass man handelt BEVOR etwas passiert, aber dieseErkenntnis hat sich Ihnen auch während Ihrer Zeit als Politiker nichterschlossen und schon ein altes Sprichwort sagt: Was Hänschen nichtlernt, lernt Hans nimmer mehr. Aber bitte, Herr Busek, behalten SieIhre Binsenweisheiten beim nächsten Mal für sich“, sagte Svazek.OTS-ORIGINALTEXT PRESSEAUSSENDUNG UNTER AUSSCHLIESSLICHER
INHALTLICHER VERANTWORTUNG DES AUSSENDERS - WWW.OTS.AT | NFPprintStichworteFPÖChannelPolitik"
Neues Magazin „FPÖ-TV Direkt“ ab sofort online,Bereits über 30.000 Aufrufe in den ersten Stunden,2018-10-16T09:40:33+02:00,https://www.ots.at/presseaussendung/OTS_20181016_OTS0046/neues-magazin-fpoe-tv-direkt-ab-sofort-online,"Bereits über 30.000 Aufrufe in den ersten StundenUtl.: Bereits über 30.000 Aufrufe in den ersten Stunden =Wien (OTS) - Ab sofort ist das neue Format „FPÖ-TV Direkt“ auf dendiversen Social Media Kanälen der FPÖ online. Neben dertagesaktuellen Berichterstattung, den Livestreams, denTV-Ausschnitten etc., bieten wir jetzt ein kompaktes Magazin an,welches unsere Interessenten auf Facebook & Instagram in wenigenSekunden über die Arbeit des FPÖ-Parlamentsklubs und unsererBundesregierung informieren soll. Das Magazin wurde speziell für dieNutzung am Mobiltelefon (Hochformat) entwickelt und soll ab sofortregelmäßig – mindestens einmal pro Woche – erscheinen.Bereits in den ersten Stunden konnten über 30.000 Aufrufe verzeichnetwerden.Die erste Ausgabe ist hier abrufbar:https://www.facebook.com/fpoe/videos/334733640636472/Das Magazin gibt es regelmäßig auf der Facebookseite der FPÖ:www.facebook.com/fpoe/OTS-ORIGINALTEXT PRESSEAUSSENDUNG UNTER AUSSCHLIESSLICHER
INHALTLICHER VERANTWORTUNG DES AUSSENDERS - WWW.OTS.AT | NFPprintStichworteFPÖMedienKunst & KulturChannelPolitikMedien"
Videobotschaft von FPÖ-Bundesparteiobmann Vizekanzler Heinz-Christian Strache anlässlich 1 Jahr  Nationalratswahl,"Wien (OTS) - Am 15. Oktober 2017 haben die Nationalratswahlen stattgefunden, bei der die FPÖ das Vertrauen von über 1,3 Millionen Österreicherinnen und Österreichern erringen konnte. 1 Jahr nach den Wahlen ist...",2018-10-13T09:16:13+02:00,https://www.ots.at/presseaussendung/OTS_20181013_OTS0006/videobotschaft-von-fpoe-bundesparteiobmann-vizekanzler-heinz-christian-strache-anlaesslich-1-jahr-nationalratswahl,"Wien (OTS) - Am 15. Oktober 2017 haben die Nationalratswahlenstattgefunden, bei der die FPÖ das Vertrauen von über 1,3 MillionenÖsterreicherinnen und Österreichern erringen konnte. 1 Jahr nach denWahlen ist es offensichtlich: Die FPÖ ist heute der Motor und dieKraft der Erneuerung in der Regierung. Wir setzen konsequent unsereWahlversprechen um. Wir sorgen für mehr Sicherheit im Land undbeenden den Sozial- und Asylmissbrauch.Hier die Videobotschaft von FPÖ-Bundesparteiobmann VizekanzlerHeinz-Christian Strache anlässlich 1 Jahr Nationalratswahl:https://youtu.be/p_r1mYr4CXAOTS-ORIGINALTEXT PRESSEAUSSENDUNG UNTER AUSSCHLIESSLICHER
INHALTLICHER VERANTWORTUNG DES AUSSENDERS - WWW.OTS.AT | NFPprintStichworteFPÖStracheRegierungChannelPolitik"
FPÖ-Svazek: „Rendi-Wagner für Abtreibung auf Krankenschein!“,"„SPÖ unterstützt umstrittenes ,Abtreibungsvolksbegehren‘“",2018-10-07T09:39:59+02:00,https://www.ots.at/presseaussendung/OTS_20181007_OTS0012/fpoe-svazek-rendi-wagner-fuer-abtreibung-auf-krankenschein,"„SPÖ unterstützt umstrittenes ,Abtreibungsvolksbegehren‘“Utl.: „SPÖ unterstützt umstrittenes ,Abtreibungsvolksbegehren‘“ =Wien/Salzburg (OTS) - „Mit dem Frauenvolksbegehren bittet man eineneuerliche Abtreibungsdebatte über die Hintertür herein“, stellteheute Salzburgs FPÖ-Klubobfrau Marlene Svazek hinsichtlich desBekenntnisses der designierten SPÖ-Parteichefin Rendi-Wagner zumumstrittenen Frauenvolksbegehren fest. Konkret geht es darum, dass indem Begehren verankert ist, dass ein Schwangerschaftsabbruch künftigauf Krankenschein erfolgen soll. „Schwangerschaft ist keineschicksalshafte Erkrankung, wie Rendi-Wagner die Entstehung neuenLebens offenbar sieht. Die Mehrheit der Versicherten dafür zur Kassezu bitten, ist grotesk“, kritisierte Svazek.„Es gibt natürlich Gründe, wo nach Ermessen subjektiv über einenSchwangerschaftsabbruch entschieden werden muss - das steht außerFrage. Einen Freifahrtschein raus aus der Verantwortung und gegen dieEntstehung neuen Lebens unterschreiben wir Freiheitliche aberbestimmt nicht. Im Gegenzug, Frauen brauchen mehr Unterstützung undAufklärung“, betonte Svazek.OTS-ORIGINALTEXT PRESSEAUSSENDUNG UNTER AUSSCHLIESSLICHER
INHALTLICHER VERANTWORTUNG DES AUSSENDERS - WWW.OTS.AT | NFPprintStichworteFPÖSvazekVolksbegehrenFrauenRendi-WagnerChannelPolitikChronik"
FPÖ: Aviso: SONNTAG Familienfest des Vizekanzlers im Wiener Prater,Wien (OTS) - Hiermit laden wir die Kolleginnen und Kollegen der Medien zu folgendem Termin ein:,2018-10-05T13:00:00+02:00,https://www.ots.at/presseaussendung/OTS_20181005_OTS0158/fpoe-aviso-sonntag-familienfest-des-vizekanzlers-im-wiener-prater,"Wien (OTS) - Hiermit laden wir die Kolleginnen und Kollegen derMedien zu folgendem Termin ein:Familienfest des VizekanzlersmitFPÖ-Bundesparteiobmann Vizekanzler Heinz-Christian Strache sowieweiteren freiheitlichen Regierungsmitgliedern und MandatarenSonntag, 7. Oktober 2018, von 11.00 bis 18.00 UhrRede Heinz-Christian Strache ca. 13 UhrORT: Kolariks Luftburg, Prater 128, 1020 WienOTS-ORIGINALTEXT PRESSEAUSSENDUNG UNTER AUSSCHLIESSLICHER
INHALTLICHER VERANTWORTUNG DES AUSSENDERS - WWW.OTS.AT | NFPprintStichworteFPÖStracheTerminFamilienfestAvisoChannelPolitikChronik"
"FJ/FPÖ-Raml: ""Bundesjugendvertretung soll sich um richtige Probleme kümmern""","""BJV kümmert sich um Randthemen und schweigt zu wahren Jugendproblemen des Landes""",2018-10-04T12:08:32+02:00,https://www.ots.at/presseaussendung/OTS_20181004_OTS0134/fjfpoe-raml-bundesjugendvertretung-soll-sich-um-richtige-probleme-kuemmern,"""BJV kümmert sich um Randthemen und schweigt zu wahren Jugendproblemen des Landes""Utl.: ""BJV kümmert sich um Randthemen und schweigt zu wahrenJugendproblemen des Landes"" =Wien (OTS) - Nach diversen Medienberichten, wonach sich dieaustralische Regierung auf eine Senkung der Steuern aufFrauen-Hygieneprodukte geeinigt hat, springt nun auch dieösterreichische Bundesjugendvertretung (BJV) auf diesen Zug auf undfordert eine Minderung der Abgaben auf Monatshygieneartikel. Als„Lappalien“ bezeichnet der geschäftsführende Obmann derFreiheitlichen Jugend, Dr. Michael Raml, die Forderungen derBundesjugendvertretung: „Ich vermisse hier die Verhältnismäßigkeit.Denn wo war die BJV bei der Diskussion um nicht integriertemuslimische Schüler, welche den Unterricht in Brennpunktschulenkonterkarieren und ihren Mitschülerinnen vorschreiben, was sieanzuziehen haben? Wo ist man gewesen, als es darum ging, Vorschlägegegen die Jugendarbeitslosigkeit in Österreich vorzubringen?“Der Jungpolitiker führt weiter aus: „Lieber kümmert man sich bei derBundesjugendvertretung offensichtlich um derartige Randthemen. Sichmit solchen Lappalien zu beschäftigen, anstatt die wahren Problemeder Jugend in unserem Land, wie zum Beispiel die Verbesserung desBildungssystems oder die Aufwertung der Lehre in Angriff zu nehmen,erscheint mir grob fahrlässig.“„Die Bundesjugendvertretung erhält jährlich sehr viel Steuergeld,doch ich frage mich, wohin und vor allem in welche Projekte dieseMittel fließen“, kritisiert der freiheitliche Bundesrat. Abschließendrät Raml den Verantwortlichen der BJV: „Es wäre besser, mankonzentriert sich auf die wirklichen Probleme der Jugendlichen undsetzt dafür auch die finanziellen Mittel ein. Dafür würde nicht nurdie jüngere Generation, die ja von der BJV vertreten werden sollte,sondern sicher auch der Steuerzahler dankbar sein!""OTS-ORIGINALTEXT PRESSEAUSSENDUNG UNTER AUSSCHLIESSLICHER
INHALTLICHER VERANTWORTUNG DES AUSSENDERS - WWW.OTS.AT | NFPprintStichworteFPÖRamlBundesjugendvertretungChannelPolitik"
Philippa Strache gegen generelle Leinen- und Beißkorbpflicht bei Hunden,FPÖ-Generalsekretär Vilimsky: „Forderung aus der FPÖ-Niederösterreich spiegelt nicht die Gesamtmeinung der Partei wider“,2018-10-04T11:23:58+02:00,https://www.ots.at/presseaussendung/OTS_20181004_OTS0104/philippa-strache-gegen-generelle-leinen-und-beisskorbpflicht-bei-hunden,"FPÖ-Generalsekretär Vilimsky: „Forderung aus der FPÖ-Niederösterreich spiegelt nicht die Gesamtmeinung der Partei wider“Utl.: FPÖ-Generalsekretär Vilimsky: „Forderung aus derFPÖ-Niederösterreich spiegelt nicht die Gesamtmeinung derPartei wider“ =Wien (OTS) - Gegen eine generelle Leinen- und Beißkorbpflicht füralle Hunde spricht sich die FPÖ-Bundestierschutzbeauftragte PhilippaStrache aus. Eine solche Maßnahme entspreche definitiv auch nicht dereinhelligen Meinung in der Freiheitlichen Partei. ""Alle Hunde, aberauch Hundebesitzer über einen Kamm zu scheren, halte ich für wenigwirksam. Es wird dringend notwendig sein, hier Unterscheidungen zutreffen! Das Hauptproblem aus meiner Sicht ist, dass sich einigeHundehalter zu wenig mit ihrem Tier auseinandersetzen und sich damitihrer Verantwortung nicht bewusst sind. Hier müssen wir ansetzen“, soStrache, die sich auch eine Art ""Hundeführerschein"" für alleHundebesitzer vorstellen kann. Damit jeder die Chance hat, sein neuesFamilienmitglied bestmöglich kennenzulernen. Seine Stärken, Schwächenund rassetypischen Eigenschaften.FPÖ-Generalsekretär Harald Vilimsky bekräftigt, dass die Forderungaus der FPÖ-Niederösterreich nach einer generellen Leinen- undBeißkorbpflicht keinesfalls die gesamte Meinung der FPÖ widerspiegle.„Die Bundespartei hält diesen Vorstoß für nicht zielführend undspricht sich für eine differenzierte Lösung aus.“Philippa Strache appelliert betreffend der nach dem entsetzlichen Toddes kleinen Waris diskutierten Maßnahmen zu einer konsequenten, aberdennoch besonnenen Vorgangsweise. „Der Tod von Waris ist dasSchlimmste, das überhaupt passieren kann und erfüllt mich mit großerBetroffenheit. Daher müssen wir jetzt gemeinsam und rasch dierichtigen Schlüsse aus diesem Drama ziehen und alles dafür tun, damitso etwas nie wieder vorkommen kann.“Philippa Strache setzt große Hoffnungen in den vonTierschutzministerin Beate Hartinger-Klein initiierten Runden Tisch.„Es ist der richtige Weg, die Verantwortlichen mit dem Ziel einesgemeinsamen Vorgehens zusammenzubringen. Ich glaube, dass es richtigwäre, dass hier alle Bundesländer an einem Strang ziehen und eineeinheitliche österreichweite Lösung im Interesse aller Beteiligtenanstreben. Deshalb muss es bei dem Runden Tisch auch zu klarenErgebnissen kommen.Ziel des Runden Tisches muss es sein, den verantwortungslosenHundebesitzer in die Verantwortung zu ziehen! Denn wennverantwortungsvolle Hundebesitzer eines wissen, dann, dass dasProblem meist am anderen Ende der Leine zu suchen ist. Nichtumgekehrt! Daher muss man die schwarzen Schafe besser filtern können,zum Schutz vor neuen Beißvorfällen, aber auch oftmals zum Schutz fürdas Tier.“„Gegenseitige parteipolitische Blockaden aber auch unüberlegtepopulistische Schnellschüsse sind absolut fehl am Platz! Jetzt sindgemeinsame Taten gefragt. Ich bin zuversichtlich, dass wir gemeinsamdie Besten Lösungen für Menschen und Hunde finden können und werdeversuchen, einen bestmöglichen Beitrag dazu zu leisten“, sagtePhilippa Strache.OTS-ORIGINALTEXT PRESSEAUSSENDUNG UNTER AUSSCHLIESSLICHER
INHALTLICHER VERANTWORTUNG DES AUSSENDERS - WWW.OTS.AT | NFPprintStichworteFPÖStracheVilimskyWarisHundeChannelPolitikChronik"
Vizekanzler Strache: Vorwürfe gegen Innenminister Kickl brechen in sich zusammen,"Wien (OTS) - Die heutigen Aussagen von Staatsanwältin Ursula Schmudermayer, wonach bereits 2017 Ermittlungen gegen das BVT aufgenommen worden seien, würden einmal mehr klar zeigen, wie ungerechtfertigt die Vorwürfe...",2018-10-02T14:07:38+02:00,https://www.ots.at/presseaussendung/OTS_20181002_OTS0167/vizekanzler-strache-vorwuerfe-gegen-innenminister-kickl-brechen-in-sich-zusammen,"Wien (OTS) - Die heutigen Aussagen von Staatsanwältin UrsulaSchmudermayer, wonach bereits 2017 Ermittlungen gegen das BVTaufgenommen worden seien, würden einmal mehr klar zeigen, wieungerechtfertigt die Vorwürfe gegen Innenminister Herbert Kicklseien, erklärte FPÖ-Bundesparteiobmann Vizekanzler HC Strache. DerOpposition gehe es ganz offensichtlich nicht um Aufklärung, sonderneinzig und allein darum, den erfolgreichsten Innenminister derZweiten Republik zu diskreditieren.„Österreich kann sich glücklich schätzen, jemanden wie Herbert Kicklan der Spitze des Innenressorts zu haben“, betonte der Vizekanzler.Die Erklärungen der Staatsanwältin im Untersuchungsausschuss würdendas ohnehin von Anfang an instabile Kartenhaus von Unterstellungengegen den Innenminister endgültig in sich zusammen fallen lassen.OTS-ORIGINALTEXT PRESSEAUSSENDUNG UNTER AUSSCHLIESSLICHER
INHALTLICHER VERANTWORTUNG DES AUSSENDERS - WWW.OTS.AT | NFPprintStichworteFPÖStracheKicklBMIParlamentPolitik-ChannelPolitik"
"FJ-Raml: ""Leistung lohnt sich wieder""","""FJ begrüßt Pädagogikpaket der Bundesregierung""",2018-10-02T09:31:40+02:00,https://www.ots.at/presseaussendung/OTS_20181002_OTS0028/fj-raml-leistung-lohnt-sich-wieder,"""FJ begrüßt Pädagogikpaket der Bundesregierung""Utl.: ""FJ begrüßt Pädagogikpaket der Bundesregierung"" =Wien (OTS) - Als ""sehr erfreulich"" bezeichnet der geschäftsführendeBundesobmann der Freiheitlichen Jugend, Dr. Michael Raml, dieAnkündigungen der Bundesregierung bezüglich Pädagogikpaket, inwelchem vor allem der Leistungsgedanke wieder forciert werden soll.""Es hat oberste Priorität, unser Bildungssystem nach jahrelangemherumlavieren der Vorgängerregierungen wieder auf Vordermann zubringen. Dazu ist es notwendig, dass mit dem Leistungsgedanken auchwieder Noten ab der zweiten Klasse Volksschule und die vorgeseheneleistungsorientierte Mittelschule eingeführt werden"", ist derfreiheitliche Bundesrat von den geplanten Reformen überzeugt.Außerdem sei es unumgänglich, die Fachkräfte von morgen adäquat aufdas Berufsleben vorzubereiten. ""Es ist also absolut sinnvoll,Disziplin und Leistungsbewusstsein zu lehren, schließlich besteht dasganze Leben aus Leistungen"", führte der Bundesrat weiter aus. ""DieLeistungsgesellschaft stellt die Basis für unseren Wohlstand dar,insofern können mit der Rückkehr zu den Schulnoten Stärken undSchwächen wieder gemessen und darauf aufgebaut werden."" Abschließendhält der Jungpolitiker fest: ""Noten motivieren Schüler und lehrenFreude an der eigenen Leistung, schließlich soll sich Leistung jalohnen.""OTS-ORIGINALTEXT PRESSEAUSSENDUNG UNTER AUSSCHLIESSLICHER
INHALTLICHER VERANTWORTUNG DES AUSSENDERS - WWW.OTS.AT | NFPprintStichworteFJRamlBildungPädagogikpaketRegierungChannelPolitik"
Aviso: Montag Enthüllung des Denkmals „Österreichs Trümmerfrauen“ mit Vizekanzler Strache,Wien (OTS) - Vizekanzler Bundesminister HC Strache und das Cajetan-Felder-Institut laden aus Anlass der feierlichen Enthüllung des Denkmals „Österreichs Trümmerfrauen 1943-1954“ zur,2018-09-28T12:07:21+02:00,https://www.ots.at/presseaussendung/OTS_20180928_OTS0135/aviso-montag-enthuellung-des-denkmals-oesterreichs-truemmerfrauen-mit-vizekanzler-strache,"Wien (OTS) - Vizekanzler Bundesminister HC Strache und dasCajetan-Felder-Institut laden aus Anlass der feierlichen Enthüllungdes Denkmals „Österreichs Trümmerfrauen 1943-1954“ zurPressekonferenz mit HC Strache, Ing. Walter Prinz (Präsident desCajetan-Felder-Instituts) und dem Bildhauer (Montag, 1. Oktober 2018,10:00 Uhr, 3Raum, Universitätsring 10, 1010 Wien)Festakt mit kirchlichem Segen und Erinnerungen einer Trümmerfrau,Mölkerbastei, 1010 Wien (Montag, 1. Oktober 2018, 16:00 Uhr).Anschließend stehen mehrere Mitglieder der Bundesregierung fürKurzstatements zur Verfügung.OTS-ORIGINALTEXT PRESSEAUSSENDUNG UNTER AUSSCHLIESSLICHER
INHALTLICHER VERANTWORTUNG DES AUSSENDERS - WWW.OTS.AT | NFPprintStichworteFPÖStracheDenkmalPrinzTerminChannelPolitik"
Strache: Verständnis für Rückzug Keyls,"Wien (OTS) - FPÖ-Bundesparteiobmann Vizekanzler HC Strache bedauert den Rückzug Hubert Keyls von dessen Bewerbung für das Bundesverwaltungsgericht, hat aber volles Verständnis dafür. Keyl sei zum Opfer einer...",2018-09-17T10:07:26+02:00,https://www.ots.at/presseaussendung/OTS_20180917_OTS0047/strache-verstaendnis-fuer-rueckzug-keyls,"Wien (OTS) - FPÖ-Bundesparteiobmann Vizekanzler HC Strache bedauertden Rückzug Hubert Keyls von dessen Bewerbung für dasBundesverwaltungsgericht, hat aber volles Verständnis dafür. Keyl seizum Opfer einer politischen und medialen Hexenjagd geworden. Dass ersich nun aus Rücksicht auf seine Familie zurückziehe, sei zurespektieren.OTS-ORIGINALTEXT PRESSEAUSSENDUNG UNTER AUSSCHLIESSLICHER
INHALTLICHER VERANTWORTUNG DES AUSSENDERS - WWW.OTS.AT | NFPprintStichworteFPÖStracheKeylBundesverwaltungsgerichtChannelPolitik"
"FPÖ/FJ-Raml: ""Schulschwänzen zu legitimieren ist widersinnig""","""SJ-Herr schießt sich mit Inszenierungen wieder ins Abseits""",2018-09-04T13:31:28+02:00,https://www.ots.at/presseaussendung/OTS_20180904_OTS0120/fpoefj-raml-schulschwaenzen-zu-legitimieren-ist-widersinnig,"""SJ-Herr schießt sich mit Inszenierungen wieder ins Abseits""Utl.: ""SJ-Herr schießt sich mit Inszenierungen wieder ins Abseits"" =Wien (OTS) - Bei einer erneuten Darbietung ihrer schauspielerischenKünste protestierte die Sozialistische Jugend in Handschellen undSträflingsbekleidung vor der ehemaligen Schule von BundeskanzlerSebastian Kurz gegen die von der Regierung forcierten Verschärfungenbei Schulschwänzen. ""Nach immer mehr Problemen mit unentschuldigtenFehlstunden in unseren Schulen müssen doch auch die SJ und Julia Herrendlich begreifen, dass gewisse Maßnahmen einfach unumgänglich sind"",entgegnete Bundesrat Dr. Michael Raml, der auch geschäftsführenderBundesobmann der Freiheitlichen Jugend ist, der Kritik derJungsozialisten. ""Aber dass mit der SJ kein vernünftiger Dialogentstehen kann, überrascht mich nicht. Konzentrieren sich dieNachwuchs-Linken doch ohnehin nur auf ihre szenischen Darstellungen,sei es auf dem Linzer Taubenmarkt mit Holzsarg oder nun eben imSträflingsgewand und in Handschellen"", führte der Jungpolitikerweiter aus.Nicht mehr ernst zu nehmen seien die Versuche der SJ, dasabsichtliche Fernbleiben vom Unterricht nicht nur zu entschuldigen,sondern sogar zu legitimieren. ""Wenn man aus vielen Schulen dieselbenProbleme zu hören bekommt, ist es schlicht notwendig, Maßnahmen zusetzen und zu reagieren. Durch die Kritik, dass Schüler dadurchkriminalisiert würden, schießt sich Julia Herr selbst ins Abseits.Schließlich werden Schüler dadurch nicht zu Kriminellen gemacht,sondern es wird lediglich sichergestellt, dass dem chronischenSchulschwänzen ein Riegel vorgeschoben wird"", ist sich Raml derSinnhaftigkeit der Maßnahmen sicher. Abschließend fordert er die SJdazu auf, sich lieber mit konstruktiven Vorschlägen in den Diskurseinzubringen, anstatt sich mit teils geschmacklosenschauspielerischen Darbietungen selbst ins Aus zu befördern.OTS-ORIGINALTEXT PRESSEAUSSENDUNG UNTER AUSSCHLIESSLICHER
INHALTLICHER VERANTWORTUNG DES AUSSENDERS - WWW.OTS.AT | NFPprintStichworteFPÖRamlSJHerrChannelPolitik"
Norbert Hofer: Johann Tschürtz führt FPÖ-Burgenland in die Landtagswahl,Minister nimmt seine Verantwortung in der Bundesregierung weiterhin wahr,2018-08-27T15:42:50+02:00,https://www.ots.at/presseaussendung/OTS_20180827_OTS0135/norbert-hofer-johann-tschuertz-fuehrt-fpoe-burgenland-in-die-landtagswahl,"Minister nimmt seine Verantwortung in der Bundesregierung weiterhin wahrUtl.: Minister nimmt seine Verantwortung in der Bundesregierungweiterhin wahr =Wien (OTS) - Nach den Diskussionen über ein Antreten vonBundesminister Norbert Hofer als FPÖ-Spitzenkandidat bei derburgenländischen Landtagswahl ist nun eine endgültige Entscheidunggefallen: „Ich halte Johann Tschürtz für den absolut richtigenSpitzenkandidaten, den ich im Wahlkampf selbstverständlich vollunterstützen werde. Die Regierungsarbeit im Burgenland ist eine mehrals erfolgreiche, womit sich die FPÖ unter der Führung von JohannTschürtz als verlässlicher Partner und Garant für Stabilität undVeränderung bewiesen hat“, begründet Hofer seine Entscheidung undergänzt: „ Ich bedanke mich für das Vertrauen, welches dieFPÖ-Burgenland in mich setzt, bin aber überzeugt davon, dass ich alsMinister meine Verantwortung weiterhin wahrnehmen muss, um inÖsterreich und damit auch im Burgenland in den Bereichen Verkehr undForschung viel bewegen zu können.“OTS-ORIGINALTEXT PRESSEAUSSENDUNG UNTER AUSSCHLIESSLICHER
INHALTLICHER VERANTWORTUNG DES AUSSENDERS - WWW.OTS.AT | NFPprintStichworteFPÖHoferBurgenlandWahlSpitzenkandidatChannelPolitik"
FPÖ/FJ-Raml: „Freiheitliche Jugend begrüßt Vorstoß zur Rücknahme der Asyl-Lehre durch Bundesregierung“,„Begonnene Lehre kann keinen Asylgrund ersetzen“,2018-08-27T11:05:30+02:00,https://www.ots.at/presseaussendung/OTS_20180827_OTS0062/fpoefj-raml-freiheitliche-jugend-begruesst-vorstoss-zur-ruecknahme-der-asyl-lehre-durch-bundesregierung,"„Begonnene Lehre kann keinen Asylgrund ersetzen“Utl.: „Begonnene Lehre kann keinen Asylgrund ersetzen“ =Wien (OTS) - „Asylwerbern den Zugang zur Lehre nicht länger zuermöglichen, ist die folgerichtige Konsequenz der Bundesregierung, umdie Debatte rund um die Abschiebung von Asylwerbern mit negativemAsylbescheid während der Lehrzeit zu beenden“, stellte deroberösterreichische Landesobmann und geschäftsführende Bundesobmannder Freiheitlichen Jugend, Bundesrat Dr. Michael Raml, heute klar.Die freiheitliche Jugendorganisation unterstützt den Vorstoß vonVizekanzler Heinz-Christian Strache, den Erlass aus dem Jahr 2012,der es Asylwerbern ermöglicht, in bestimmten Branchen eine Lehre zubeginnen, zurückzunehmen. „Eine begonnene Lehre stellt nach geltenderRechtslage keinen Asylgrund dar. Auch bei sogenannten‚Vorzeigeflüchtlingen‘ ist der Rechtsstaat durchzusetzen, wenn keinRecht auf Schutz besteht. Eine begonnene Ausbildung ersetzt keinenAsylgrund“, betonte Raml.Als „unverantwortlich“ bezeichnete der Jurist auch das Vorgaukelnfalscher Erfolgsaussichten, wenn ohnehin im Vorhinein klar sei, dassAsylwerber aus Ländern zu uns kommen, in denen keine Verfolgungdroht. „Bei vielen Menschen ist von vornherein klar, dass keinBleiberecht besteht. Es ist unehrlich, diesen Menschen falscheHoffnungen zu machen.“ Folgerichtig ziehe die Regierung nun dieKonsequenzen, um wieder Klarheit zu schaffen. „Es gibt schließlichgenügend österreichische Jugendliche, die eine Lehrstelle suchen.Darauf haben wir auch im Zuge unserer Kampagne ‚Jugend fördern, stattZuwanderung fordern‘ aufmerksam gemacht. Wir bauen auf die eigeneJugend und wollen das Image der Lehre aufwerten“, führte dergeschäftsführende Bundesobmann der Freiheitlichen Jugend weiter aus.Ein rechtskräftig negativer Asylbescheid bedeutet nichts anderes, alsdass diese Person keinen Asylgrund aufweist. „Die Grünen sollenehrlich sagen, wenn sie unseren Rechtsstaat, der sich ganz klar andie Genfer Konvention hält, aushebeln möchten und nicht falscheGründe vorschieben. Ich halte es jedenfalls weder fürgesetzeskonform, noch gerecht, wenn der alleinige Beginn einerAusbildung das komplette rechtsstaatliche Asyl- und Fremdenrechtaußer Kraft setzen könnte. Es kann nicht sein, dass unter demDeckmantel des Asylrechtes Einwanderung von Wirtschaftsflüchtlingensalonfähig wird. Das wäre ungerecht gegenüber Asylwerbern mit einemechten Asylgrund, die damit auch länger auf den Abschluss ihresAsylverfahrens warten müssen “, ist für Raml der Vorstoß zurRücknahme der Asyl-Lehre durch die Bundesregierung einbegrüßenswerter Schritt in die richtige Richtung.OTS-ORIGINALTEXT PRESSEAUSSENDUNG UNTER AUSSCHLIESSLICHER
INHALTLICHER VERANTWORTUNG DES AUSSENDERS - WWW.OTS.AT | NFPprintStichworteFPÖFreiheitlicheJugendRamlAsylLehrePolitikInt. BeziehungenChannelPolitik"
"LHStv. Dr. Haimbuchner und Bgm. Dr. Rabl: Nach Ausladung von Innenminister Salvini, Einladung nach Oberösterreich und Wels","Wels (OTS) - Auf Unverständnis stößt der Beschluss des Inselrats von Mallorca, den italienischen Innenminister Salvini zur unerwünschten Person zu erklären. Die linke Podemus Bewegung hat einen derartigen Antrag...",2018-07-29T11:58:50+02:00,https://www.ots.at/presseaussendung/OTS_20180729_OTS0022/lhstv-dr-haimbuchner-und-bgm-dr-rabl-nach-ausladung-von-innenminister-salvini-einladung-nach-oberoesterreich-und-wels,"Wels (OTS) - Auf Unverständnis stößt der Beschluss des Inselrats vonMallorca, den italienischen Innenminister Salvini zur unerwünschtenPerson zu erklären. Die linke Podemus Bewegung hat einen derartigenAntrag aufgrund der restriktiven Einwanderungspolitik desInnenministers eingebracht.Rückendeckung und eine Einladung nach Oberösterreich und Wels bekommtSalvini nun von LHStv. Dr. Manfred Haimbuchner und Bürgermeister Dr.Andreas Rabl. Beide kritisieren den Beschluss des Inselrates alsunangebracht und unverhältnismäßig, da es einem demokratischlegitimierten Minister möglich sein muss, die Interessen seinesLandes zu vertreten. Salvini habe in Europa einen Nachdenkprozess inder Einwanderungspolitik bewirkt und mitgeholfen, einen ungeregeltenZuzug nach Europa zu verhindern.Haimbuchner und Rabl setzen daher einen bewußten Kontrapunkt undladen Innenminister Salvini ausdrücklich nach Oberösterreich und Welsein.Haimbuchner: Ich würde mich freuen, wenn Innenminister Salvini meineoberösterreichische Heimat besucht. Vom Mühlviertel bis zumSalzkammergut kann man Oberösterreich genießen.Rabl: Innenminister Salvini ist in Wels ausdrücklich willkommen. Obbeim traditionellen Welser Volksfest oder als Radfahrer in derRennradregion Wels, die Einladung steht.Rückfragen bei Pressesprecher Dr. Haimbuchner: Pochendorfer Franz0664/6007217153Dr. Andreas Rabl 0664/4036474OTS-ORIGINALTEXT PRESSEAUSSENDUNG UNTER AUSSCHLIESSLICHER
INHALTLICHER VERANTWORTUNG DES AUSSENDERS - WWW.OTS.AT | NFPprintStichworteFPÖHaimbuchnerRablSalviniChannelPolitik"
Vizekanzler Strache begrüßt Entscheidung des Bundespräsidenten zu CETA,Wien (OTS) - Vizekanzler und FPÖ-Obmann Heinz-Christian Strache begrüßt die Entscheidung von Bundespräsident Alexander van der Bellen CETA erst nach der kommenden Entscheidung des EuGH zu unterschreiben: Der...,2018-07-11T17:49:53+02:00,https://www.ots.at/presseaussendung/OTS_20180711_OTS0171/vizekanzler-strache-begruesst-entscheidung-des-bundespraesidenten-zu-ceta,"Wien (OTS) - Vizekanzler und FPÖ-Obmann Heinz-Christian Strachebegrüßt die Entscheidung von Bundespräsident Alexander van der BellenCETA erst nach der kommenden Entscheidung des EuGH zu unterschreiben:Der Bundespräsident hat die Regierungsspitze persönlich informiert,dass er CETA geprüft hat und ein Punkt noch offen ist.Der EuGH führt gerade ein Prüfverfahren bezüglich endgültigerAbwendung von privaten Schiedsgerichten und zur Sicherung vonnationalem Recht. Dieses Urteil und die endgültige Rechtssicherheitwird es erst ab Herbst geben.„Die Entscheidung des Bundespräsidenten jetzt einmal CETA nicht zuratifizieren und das EuGH-Urteil abzuwarten findet unsere volleUnterstützung. Besonders, da es dadurch auch keine zeitlicheVerzögerung gibt, weil der Rechtsbereich erst in Kraft tritt, wennalle Länder ratifiziert haben. Das ist noch bis Jahresende offen. Dasist eine korrekte und vernünftige Vorgangsweise des HerrnBundespräsidenten, im Interesse Österreichs, die Anerkennungverdient“, erklärte Strache.OTS-ORIGINALTEXT PRESSEAUSSENDUNG UNTER AUSSCHLIESSLICHER
INHALTLICHER VERANTWORTUNG DES AUSSENDERS - WWW.OTS.AT | NFPprintStichworteFPÖStracheCETAAußenhandelEUWirtschaft und FinanzenKonjunkturVolkswirtschaftChannelPolitikWirtschaft"
FA-Knoll: „Angeblich überparteilicher ÖGB geht beim ÖGB-Kongress in unqualifizierten Kampfmodus“,Wien (OTS) - Beim 19. Bundeskongress des ÖGB in Wien fielen die Gewerkschafter einmal mehr durch unrühmliches Verhalten auf. Bei der Rede von Bundesministerin Mag. Beate Hartinger-Klein wurden von Kongressteilnehmern...,2018-06-13T12:42:12+02:00,https://www.ots.at/presseaussendung/OTS_20180613_OTS0160/fa-knoll-angeblich-ueberparteilicher-oegb-geht-beim-oegb-kongress-in-unqualifizierten-kampfmodus,"Wien (OTS) - Beim 19. Bundeskongress des ÖGB in Wien fielen dieGewerkschafter einmal mehr durch unrühmliches Verhalten auf. Bei derRede von Bundesministerin Mag. Beate Hartinger-Klein wurden vonKongressteilnehmern sämtliche gute Umgangsformen über Bord geworfen.„Mit unqualifizierten Zwischenrufen und respektlosen Reaktionen, dieeher an eine Stadionatmosphäre erinnerten, bestätigte der ÖGB einmalmehr sein Image als ‚roter Pfeiferlverein‘ “, bringt der am Kongressanwesende Bundesobmann der Freiheitlichen Arbeitnehmer, AK-VorstandGerhard Knoll, den Eklat auf den Punkt.Auch der Aktionismus mit gefesselten und mit Mund verklebtenDarstellern während der gesamten Rede der Bundesministerin, womitgegen die Abschaffung des Jugendvertrauensrats aufmerksam gemachtwerden sollte, sei unangebracht gewesen. „Wenn das primäreArbeitnehmeranliegen des ÖGB heutzutage offensichtlich nur der Erhaltdes Jugendvertrauensrats ist, dürfte es der Arbeitnehmerschaft wohlganz gut zu gehen“, kommentiert Bundesobmann Knoll zynisch denunangebrachten Aktionismus.OTS-ORIGINALTEXT PRESSEAUSSENDUNG UNTER AUSSCHLIESSLICHER
INHALTLICHER VERANTWORTUNG DES AUSSENDERS - WWW.OTS.AT | NFPprintStichworteFPÖKnollÖGBGewerkschaftenArbeit, SozialesChannelPolitik"
Freiheitliche Arbeitnehmer: Sozialministerin Hartinger-Klein sichert Solidaritätsprämienmodell für VOEST,"Wien (OTS) - Eine geplante Schichtumstellung in der voestalpine Stahl GmbH stand im April dieses Jahres plötzlich vor dem Aus. Seit Jahren wurden geförderte Schichtmodelle mit reduzierter Arbeitszeit geführt, im...",2018-06-06T14:05:38+02:00,https://www.ots.at/presseaussendung/OTS_20180606_OTS0190/freiheitliche-arbeitnehmer-sozialministerin-hartinger-klein-sichert-solidaritaetspraemienmodell-fuer-voest,"Wien (OTS) - Eine geplante Schichtumstellung in der voestalpine StahlGmbH stand im April dieses Jahres plötzlich vor dem Aus. Seit Jahrenwurden geförderte Schichtmodelle mit reduzierter Arbeitszeit geführt,im Gegenzug Arbeitslose als Ersatzkräfte in der VOEST beschäftigt.Das AMS Oberösterreich verwehrte im Frühjahr 2018 wider Erwarten derVOEST die seit Jahren dafür gewährte Förderung.VOEST-Zentralbetriebsrat Gerhard Knoll verhandelte mitSozialministerin Beate Hartinger-Klein, woraufhin sie beim AMSintervenierte und dieses die finanziellen Mittel für das sogenannte„Solidaritätsprämienmodell“ sicherstellte. „Es ist mir gelungen,dieses überraschende Verweigern einer Förderung seitens des AMS -möglicherweise aus parteipolitischen Motiven - in konstruktivenVerhandlungen mit dem Sozialministerium abzuwenden,“ freut sich derBundesobmann der Freiheitlichen Arbeitnehmer, AK-Vorstand GerhardKnoll.Knoll verweist darauf, dass es der zuständigen Ministerin einberechtigtes Anliegen ist, dass die finanziellen Mittel des AMSeffizient eingesetzt werden. „Beim konkretenSolidaritätsprämienmodell – die betroffenen Mitarbeiter sind durchkürzere Arbeitsblöcke und kleineres Beschäftigungsausmaß geringerenBelastungen ausgesetzt – hat mir Ministerin Hartinger-Kleinzugestimmt, dass hier die finanzielle Unterstützung des AMS bestenseingesetzt wird“, berichtet der FA-Bundesobmann, dass das Ministeriumnunmehr diese Förderung für die VOEST freigegeben hat. „DieFortsetzung dieser wichtigen Förderung zeigt: Es wird im System undnicht bei den Menschen gespart“, betont Knoll.OTS-ORIGINALTEXT PRESSEAUSSENDUNG UNTER AUSSCHLIESSLICHER
INHALTLICHER VERANTWORTUNG DES AUSSENDERS - WWW.OTS.AT | NFPprintStichworteFPÖKnollVOESTAMSFAChannelPolitikWirtschaft"
Gerhard Knoll zum neuen Bundesobmann der Freiheitlichen Arbeitnehmer (FA) gewählt,"„Das Einzige, was die FSG kann, ist Panikmache, Weltuntergangsstimmung zu verbreiten und den Arbeitnehmern Angst zu machen“",2018-05-29T10:20:40+02:00,https://www.ots.at/presseaussendung/OTS_20180529_OTS0072/gerhard-knoll-zum-neuen-bundesobmann-der-freiheitlichen-arbeitnehmer-fa-gewaehlt,"„Das Einzige, was die FSG kann, ist Panikmache, Weltuntergangsstimmung zu verbreiten und den Arbeitnehmern Angst zu machen“Utl.: „Das Einzige, was die FSG kann, ist Panikmache,Weltuntergangsstimmung zu verbreiten und den ArbeitnehmernAngst zu machen“ =Wien (OTS) - Am letzten Samstag fand der FA-Bundestag in Graz statt.Dort bestätigten die Delegierten den Wunsch des Bundesvorstandes nacheiner Verjüngung. Der 35-jährige Hörschinger VOEST-Zentralbetriebsratund AK-Vorstand Gerhard Knoll wurde zum neuen Bundesobmann gewählt.Als seine Stellvertreter wurden LAbg. AKR Angela Schütz aus Wien, derTiroler AKR Heribert Mariacher, AKR Rene Dretnik aus der Steiermark,sowie der Kärntner AKR Manfred Mischelin bestätigt.Gerhard Knoll bedankte sich bei seinem Vorgänger, Bundesrat AKR Ing.Bernhard Rösch für seine langjährige Tätigkeit an der Spitze derFreiheitlichen Arbeitnehmer. Nach elf Jahren in dieser Funktion wurdeBernhard Rösch in allen Ehren von den Delegierten mit StandingOvation als Bundesobmann verabschiedet.Deutliche Worte richtete der neugewählte Bundesobmann an denpolitischen Mitbewerber, insbesondere an die Fraktionsozialdemokratischer Gewerkschafter. „Das Einzige, was die FSG kann,ist Panikmache, Weltuntergangsstimmung zu verbreiten und denArbeitnehmern Angst zu machen. Dienen die jüngsten Inszenierungenetwa nur dazu die Funktionärsposten in den von ihnen vereinnahmtenInstitutionen zu sichern?“, fragte sich Knoll, ob dieReformverweigerung durch Eigeninteresse begründet sei.„Während die AK-Präsidentin Renate Anderl eine Mindestsicherung füralle fordert, sind wir diejenigen, die unseren Sozialstaat vorsolchen unverantwortlichen, unfinanzierbaren und leistungsfeindlichenAngriffen schützen. Wir werden uns weiterhin mit aller Kraft für dieLeistungsträger der Gesellschaft – das sind für uns alle arbeitendenMenschen – einsetzen“, brachte Knoll die Unterschiede auf den Punkt.Der neu gewählte Bundesobmann kritisierte die über Jahrzehntegewachsen Leistungsschieflage in Österreich. „Es darf nicht sein,dass jemand 38,5 oder 40 Stunden pro Woche arbeiten geht und am Endedes Tages nur unwesentlich mehr Einkommen hat, als jemand, der vomSozialstaat lebt und womöglich noch nie einen Cent in unserSozialstaat eingezahlt hat“, betonte der FA-Bundesobmann.OTS-ORIGINALTEXT PRESSEAUSSENDUNG UNTER AUSSCHLIESSLICHER
INHALTLICHER VERANTWORTUNG DES AUSSENDERS - WWW.OTS.AT | NFPprintStichworteFPÖKnollArbeitnehmerArbeiterkammerPersonaliaWirtschaft und FinanzenUnternehmenPersonalChannelPolitikKarriere"
HC Strache: Christian Hafenecker einstimmig zum FPÖ-Generalsekretär bestellt,"Wien (OTS) - Nationalratsabgeordneter Christian Hafenecker, MA wurde auf Vorschlag von Bundesparteiobmann Vizekanzler Heinz-Christian Strache bei den gestrigen Sitzungen der FPÖ-Gremien einstimmig zum Generalsekretär...",2018-05-15T09:21:35+02:00,https://www.ots.at/presseaussendung/OTS_20180515_OTS0036/hc-strache-christian-hafenecker-einstimmig-zum-fpoe-generalsekretaer-bestellt,"Wien (OTS) - Nationalratsabgeordneter Christian Hafenecker, MA wurdeauf Vorschlag von Bundesparteiobmann Vizekanzler Heinz-ChristianStrache bei den gestrigen Sitzungen der FPÖ-Gremien einstimmig zumGeneralsekretär bestellt. Hafenecker folgt Marlene Svazek nach, dienach dem Erfolg der FPÖ bei der Salzburger Landtagswahl vomNationalrat als Klubobfrau in den Salzburger Landtag wechselt.Hafenecker wird diese Funktion neben dem bisherigen GeneralsekretärMEP Harald Vilimsky ausüben. „Ich bedanke mich bei Marlene Svazek,die die Aufgabe als Generalsekretärin exzellent erfüllt hat.Christian Hafenecker ist ein langjähriger Mitstreiter, der bereitsseine Arbeit als Landesparteisekretär in Niederösterreichausgezeichnet gemacht hat. Er ist neben Harald Vilimsky der perfekteGeneralsekretär und wird sich insbesondere um die inhaltliche Arbeitinnerhalb der Partei kümmern“, so FPÖ-Bundesparteiobmann VizekanzlerHC Strache.„Ich bedanke mich bei HC Strache und den FPÖ-Funktionären für dasgroße Vertrauen und freue mich über meine neue Aufgabe, die ich mitvollem Einsatz ausüben werde. Mit dem Eintritt in die Bundesregierunghat sich für die FPÖ viel verändert. Die ersten Monate in derRegierung sind bereits eine Erfolgsgeschichte. Wir entlasten dieFamilien mit 1.500 Euro Familienbonus und die kleinenEinkommensbezieher durch die Senkung derArbeitslosenversicherungsbeiträge. Weiters sorgen wir mitzusätzlichen 4.000 Polizisten für mehr Sicherheit für dieösterreichische Bevölkerung. Außerdem bekämpfen wir die illegaleMigration und schieben abgelehnte bzw. kriminelle Asylwerberkonsequent ab. Daher wird es gemeinsam mit Harald Vilimsky meineAufgabe sein, diese Regierungserfolge der FPÖ weiterhin optimal andie Österreicher in den Bundesländern zu vermitteln und sichtbar zumachen“, sagte Hafenecker.Der neue Generalsekretär stammt aus Kaumberg (NÖ), war für dieFPÖ-Niederösterreich von 2010 bis 2013 im Landtag vertreten undwechselte 2013 in den Nationalrat. Seine politischen Schwerpunktesind die Bereiche Verkehr, Infrastruktur, Landesverteidigung,Petitionen und Bürgerinitiativen. Seit 2013 ist er Verkehrssprecherseiner Partei im Parlament. Hafenecker absolvierte den Masterlehrgang„Führung Politik und Management.“OTS-ORIGINALTEXT PRESSEAUSSENDUNG UNTER AUSSCHLIESSLICHER
INHALTLICHER VERANTWORTUNG DES AUSSENDERS - WWW.OTS.AT | NFPprintStichworteFPÖStracheHafeneckerPersonaliaWirtschaft und FinanzenUnternehmenPersonalChannelPolitikKarriere"
1. Mai: Strache: „Wir sind die neue Arbeiterpartei!“,FPÖ steht zu ihrem Wort - die Sozialisten stehen heute am Rathausplatz und haben den großen Katzenjammer,2018-05-01T12:41:55+02:00,https://www.ots.at/presseaussendung/OTS_20180501_OTS0036/1-mai-strache-wir-sind-die-neue-arbeiterpartei,"FPÖ steht zu ihrem Wort - die Sozialisten stehen heute am Rathausplatz und haben den großen KatzenjammerUtl.: FPÖ steht zu ihrem Wort - die Sozialisten stehen heute amRathausplatz und haben den großen Katzenjammer =Linz (OTS) - Erstmals als Vizekanzler hielt FPÖ-Obmann HC Stracheseine traditionelle Rede am 1. Mai im Europazelt des LinzerUrfahranermarkts. Strache unterstrich die Leistungen der FPÖ in ihrerRegierungsarbeit und übte zeitgleich massive Kritik an der SPÖ.„Ich stehe zu meinem Wort. Wir entlasten die Familien mit 1,5Milliarden Euro und die kleinen Einkommensbezieher durch die Senkungder Arbeitslosenversicherungsbeiträge. Weiters gibt es mehr Geld fürPolizei, Bundesheer, Soziales, Pflege, Bildung und Forschung. Undtrotzdem geben wir erstmals seit 64 Jahren weniger aus, als wireinnehmen. Wir sparen 2,5 Milliarden Euro pro Jahr im System“,betonte der Vizekanzler.Die freiheitliche Handschrift sei, so Strache, auch in derAsylpolitik klar sichtbar: „Wir haben jetzt auch die Änderung desFremdenrechts in Angriff genommen. Straffällig gewordene Flüchtlingesollen nach der Strafhaft umgehend in Schubhaft gesteckt werden.Gegen straffällige Drittstaatsangehörige kann ein unbefristetesEinreiseverbot künftig ab einer unbedingten Freiheitsstrafe von mehrals drei (bisher fünf) Jahren erlassen werden. Sollte einAsylberechtigter Urlaub in seinem Heimatland machen oder sichfreiwillig dort wieder niederlassen, muss der Asylstatus aberkanntwerden. Neu ist zudem, dass das Aberkennungsverfahren deutlichschneller als bisher durchgeführt werden soll.“ Auch dieösterreichische Staatsbürgerschaft werde Flüchtlingen nicht mehrnachgeworfenAuch dem politischen Islam müsse ein klarer Riegel vorgeschobenwerden. „Man muss endlich damit aufhören, die Probleme mit dempolitischen Islam schönzureden“, sagte der Vizekanzler. Er kündigteaußerdem an, dass bei sämtlichen Missständen in Zusammenhang mitislamistischen Vereinen alle rechtlichen Möglichkeiten ausgeschöpftwerden.Kritik übte Strache an der SPÖ und ihrem Vorsitzenden Kern. „DieSozialisten stehen heute am Rathausplatz und haben den großenKatzenjammer. Dabei wurde die SPÖ zu Recht auf die Oppositionsbankgeschickt. Der kürzeste Bundeskanzler der Zweiten Republik hat diesemLand massiv geschadet, aber wir reparieren jetzt den Schaden, den dieGenossen in 13 Jahren angerichtet haben. Die SPÖ ist dieZuwanderungs- und Islampartei und lässt die Österreicher im Stich.Die FPÖ ist hingegen die neue Arbeiterpartei“, sagte der Vizekanzler.„Wir fühlen uns den Menschen verpflichtet“, sagte Strache, der sichabschließend überzeugt zeigte, dass die FPÖ mindestens zweiLegislaturperioden in einer Regierung sein werde, um die Missständeder Vergangenheit zu reparieren.OTS-ORIGINALTEXT PRESSEAUSSENDUNG UNTER AUSSCHLIESSLICHER
INHALTLICHER VERANTWORTUNG DES AUSSENDERS - WWW.OTS.AT | NFPprintStichworteFPÖ1.MaiChannelPolitik"
Erinnerung: 1. Mai-Kundgebung der FPÖ mit Vizekanzler Heinz-Christian Strache und Manfred Haimbuchner am Urfahraner Jahrmarkt,"Wien (OTS) - Wir erlauben uns die Damen und Herren von Presse, Hörfunk, Internet- und Fotoredaktionen auf folgenden Termin aufmerksam zu machen:",2018-04-29T11:02:00+02:00,https://www.ots.at/presseaussendung/OTS_20180429_OTS0020/erinnerung-1-mai-kundgebung-der-fpoe-mit-vizekanzler-heinz-christian-strache-und-manfred-haimbuchner-am-urfahraner-jahrmarkt,"Wien (OTS) - Wir erlauben uns die Damen und Herren von Presse,Hörfunk, Internet- und Fotoredaktionen auf folgenden Terminaufmerksam zu machen:1. Mai-Kundgebung der FPÖmit Vizekanzler und FPÖ-Bundesparteiobmann Heinz-Christian STRACHEund Landesparteiobmann LH-Stv. Dr. Manfred HAIMBUCHNERDatum: Dienstag, 1. Mai 2018Ab 9.00 Uhr Musik, Reden ab 10.30 UhrOrt: Urfahraner Jahrmarkt, Festzelt, LinzOTS-ORIGINALTEXT PRESSEAUSSENDUNG UNTER AUSSCHLIESSLICHER
INHALTLICHER VERANTWORTUNG DES AUSSENDERS - WWW.OTS.AT | NFPprintStichworteFPÖ1.MaiTerminStracheHaimbuchnerChannelPolitikChronik"
AVISO: 1. Mai-Kundgebung der FPÖ mit Vizekanzler Heinz-Christian Strache und Manfred Haimbuchner am Urfahraner Jahrmarkt,"Wien (OTS) - Wir erlauben uns die Damen und Herren von Presse, Hörfunk, Internet- und Fotoredaktionen auf folgenden Termin aufmerksam zu machen:",2018-04-26T10:07:43+02:00,https://www.ots.at/presseaussendung/OTS_20180426_OTS0075/aviso-1-mai-kundgebung-der-fpoe-mit-vizekanzler-heinz-christian-strache-und-manfred-haimbuchner-am-urfahraner-jahrmarkt,"Wien (OTS) - Wir erlauben uns die Damen und Herren von Presse,Hörfunk, Internet- und Fotoredaktionen auf folgenden Terminaufmerksam zu machen:1. Mai-Kundgebung der FPÖmit Vizekanzler und FPÖ-Bundesparteiobmann Heinz-Christian STRACHEund Landesparteiobmann LH-Stv. Dr. Manfred HAIMBUCHNERDatum: Dienstag, 1. Mai 2018Ab 9.00 Uhr Musik, Reden ab 10.30 UhrOrt: Urfahraner Jahrmarkt, Festzelt, LinzOTS-ORIGINALTEXT PRESSEAUSSENDUNG UNTER AUSSCHLIESSLICHER
INHALTLICHER VERANTWORTUNG DES AUSSENDERS - WWW.OTS.AT | NFPprintStichworteFPÖ1.MaiTerminStracheHaimbuchnerChannelPolitikChronik"
FPÖ-Strache: Gratulation an Marlene Svazek und ihr Team!,FPÖ auch in Salzburg nach der vierten Landtagswahl 2018 ein Gewinner,2018-04-22T18:17:46+02:00,https://www.ots.at/presseaussendung/OTS_20180422_OTS0040/fpoe-strache-gratulation-an-marlene-svazek-und-ihr-team,"FPÖ auch in Salzburg nach der vierten Landtagswahl 2018 ein GewinnerUtl.: FPÖ auch in Salzburg nach der vierten Landtagswahl 2018 einGewinner =Wien (OTS) - Nach den ersten Wahlhochrechnungen inklusive Wahlkartenerreicht die FPÖ-Salzburg seit dem letzten exzellenten Wahlergebnis2013 mit 17,1 Prozent heute rund 19 Prozent und ein Plus von fast 2Prozent. Hoch zufrieden mit diesem Abschneiden der jungenFPÖ-Spitzenkandidatin Marlene Svazek bei der Salzburger Landtagswahlzeigte sich der freiheitliche Bundesparteiobmann Vizekanzler HCStrache.„Trotz der schwierigen Ausgangssituation, mit einer komplettenNeuaufstellung der Salzburger FPÖ und nur einer damals verbliebenenLandtagsmandatarin, ist es gelungen, knapp an das bislang historischbeste Ergebnis von 1999 mit 19,5 Prozent anzuschließen. Besonderserfreulich ist, dass durch dieses hervorragende Ergebnis die Zahl derfreiheitlichen Mandatare im Bundesrat auf 16 anwachsen wird. Damitist die FPÖ heute so stark wie nie zuvor im Bundesrat vertreten“,freute sich Strache. „Seit heute haben wir 7 FPÖ-Landtagsabgeordnete,also einen Zugewinn von 6 Mandaten.“ Wenn man die Stimmen für dieFPS-Liste von Karl Schnell, welche nur rund 4,7 Prozent erreicht unddamit den Einzug in den Landtag verpasst haben dürft, hinzuzählt,dann wären die Freiheitlichen mit deutlich über 20 Prozent vor derSPÖ auf dem zweiten Platz. Es sei schade um die verlorenen Stimmen.Mit dem heute in Salzburg erreichten 16. Bundesratsmandat sei dieFPÖ-Bundesratsfraktion so stark wie nie zuvor in der FPÖ-Geschichte.„1998 hatten wir 15 Bundesräte“, erinnerte Strache. „Wir können dahermit Fug und Recht stolz auf unsere Erfolge sein, da wir als FPÖ sostark wie nie zuvor sind und uns in der Bundesregierung auf höchstemNiveau gefestigt und behauptet haben.“SPÖ und Grüne hätten heute zusammen 15 Prozent verloren. Damit seieine wahre „Kern-Schmelze“ eingetreten. Strache wertete dies alsklaren Auftrag für Landeshauptmann Haslauer, mit der jungenaufstrebenden Marlene Svazek eine Koalition zu bilden, die heuteglaubhaft und erfolgreich punkten konnte. „Ich gratuliere auchWilfried Haslauer zu seinen Stimmenzugewinnen“, erklärte Stracheweiter.OTS-ORIGINALTEXT PRESSEAUSSENDUNG UNTER AUSSCHLIESSLICHER
INHALTLICHER VERANTWORTUNG DES AUSSENDERS - WWW.OTS.AT | NFPprintStichworteFPÖStracheSvazekSalzburgChannelPolitik"
Finanz-Staatssekretär Fuchs kündigt Reformen in der Finanzverwaltung an,„Einheitliche Dienstgeberabgabe und eine Prüfbehörde für die Prüfung lohnabhängiger Abgaben (GPLA)“,2018-04-17T14:57:41+02:00,https://www.ots.at/presseaussendung/OTS_20180417_OTS0190/finanz-staatssekretaer-fuchs-kuendigt-reformen-in-der-finanzverwaltung-an,"„Einheitliche Dienstgeberabgabe und eine Prüfbehörde für die Prüfung lohnabhängiger Abgaben (GPLA)“Utl.: „Einheitliche Dienstgeberabgabe und eine Prüfbehörde für diePrüfung lohnabhängiger Abgaben (GPLA)“ =Wien (OTS) - Im Rahmen der heutigen Budgetdebatte im Nationalratstellte Finanz-Staatssekretär MMag. DDr. Hubert Fuchs ein konkretesReformvorhaben in der Finanzverwaltung in Aussicht. Im Rahmen derSteuerstrukturreform 2020 soll es einerseits zu inhaltlichenVereinfachungen in der Personalverrechnung kommen, andererseits auchzu weitreichenden organisatorischen Änderungen bei der Prüfunglohnabhängiger Abgaben. Zukünftig soll es eine einheitlicheDienstgeberabgabe geben und die Prüfung nicht mehr jeweils durchFinanzämter bzw. Gebietskrankenkassen erfolgen, sondern nur mehrdurch eine einzige Prüfbehörde innerhalb der Finanzverwaltung.Einheitliche DienstgeberabgabeEine inhaltliche Vereinfachung der Personalverrechnung setzt eineHarmonisierung der Lohnsteuer-Bemessungsgrundlage und derASVG-Beitragsgrundlage, eine Streichung von Sonder- undAusnahmebestimmungen und eine massive Reduktion der Anzahl derBeitragsgruppen in der Sozialversicherung voraus. Bei denLohnnebenkosten soll es zu einer einheitlichen Dienstgeberabgabekommen, mit welcher der Dienstgeberbeitrag zumFamilienlastenausgleichsfonds (DB), der Zuschlag zumDienstgeberbeitrag (DZ), der Dienstgeberanteil zur Sozialversicherungund die Kommunalsteuer zusammengeführt werden.Eine Prüfbehörde für die Prüfung lohnabhängiger AbgabenDie Prüfung der lohnabhängigen Abgaben erfolgt derzeit durch dieFinanzämter bzw. Gebietskrankenkassen, wobei beide Behörden jeweilssämtliche Abgaben prüfen. Ergänzend kann es derzeit noch zu einerNachschau bei der Kommunalsteuer durch Prüfer der Gemeinden kommen.Die Unternehmer haben es also mit drei verschiedenen Behörden zu tun.Im Fall von Rechtsstreitigkeiten müssen ebenfalls unterschiedlicheInstanzenzüge mit unterschiedlichen Verfahrensrechten beschrittenwerden. „Es ist also logisch, wenn eine einzige Behörde allelohnabhängigen Abgaben einhebt, verteilt und prüft. So reformierenund vereinfachen wir die Verwaltung, bauen Doppelgleisigkeiten ab undlegen klare Zuständigkeiten fest“, erklärt Staatssekretär Fuchs.One-Stop-Shop für alle Anliegen der UnternehmerFür die Unternehmer würde es in Folge nur mehr eine einzigeAnsprechstelle in allen Fragen im Zusammenhang mit der Abfuhr, derPrüfung und der Einhebung der lohnabhängigen Abgaben geben. Durchdiese inhaltlichen und organisatorischen Änderungen könnte der Staatin diesem Bereich wesentlich schlanker werden und die Unternehmerwürden sich einiges an Kosten und Arbeit ersparen.OTS-ORIGINALTEXT PRESSEAUSSENDUNG UNTER AUSSCHLIESSLICHER
INHALTLICHER VERANTWORTUNG DES AUSSENDERS - WWW.OTS.AT | NFPprintStichworteFPÖFuchsBudgetNationalratReformenWirtschaft und FinanzenKonjunkturVolkswirtschaftPolitik-ParlamentChannelPolitikWirtschaft"
"HC Strache 111 Tage FPÖ in der Regierung: ""Endlich Fairness für uns Österreicher!""","""Mit uns geht was weiter!""",2018-04-07T12:25:02+02:00,https://www.ots.at/presseaussendung/OTS_20180407_OTS0022/hc-strache-111-tage-fpoe-in-der-regierung-endlich-fairness-fuer-uns-oesterreicher,"""Mit uns geht was weiter!""Utl.: ""Mit uns geht was weiter!"" =Wien (OTS) - Seit 111 Tagen ist die FPÖ nun Teil der neuenBundesregierung. Eine erfreuliche Bilanz zog Vizekanzler undFPÖ-Obmann HC Strache heute in Salzburg über die arbeitsreichen,intensiven und vor allem guten Tage für Österreich. Eine Schonfristgab es freilich nicht. „Aber davon haben wir uns nie beirren lassen,gleichgültig ob die Angriffe von politischen Mitbewerbern kamen odervon diversen Medien“, so der Vizekanzler: „In den 111 Tagen, die wirjetzt in der Regierung sind, haben wir wirklich einigesweitergebracht. Wir haben in dieser kurzen Zeit mehr Reformenumgesetzt, als die ganzen Regierungen vor uns zusammen!“Viele Wahlversprechen der FPÖ seien in der gemeinsamen Abstimmung mitder ÖVP in das Regierungsprogramm eingeflossen. „Fairness,Fortschritt und Steuerentlastung. Wir sind der Schrittmacher indieser Bundesregierung und das Gegenmodell zum rot-schwarzen Streitund Stillstand der vergangenen Jahre“, betonte Strache.Der Vizekanzler kam auf die familienpolitischen Meilensteine zusprechen. „Mit dem 'Familienbonus Plu's haben wir ein Volumen vonüber 1,5 Milliarden Euro in die erste große Entlastungsmaßnahmegesetzt. Davon profitieren über 950.000 Familien mit 1,6 MillionenKindern. Für viele Steuerzahler wirkt ein Steuerbonus von 1.500 Europro Kind und Jahr. Geringverdienende Alleinerzieher undAlleinverdiener die keine Steuern zahlen, erhalten künftig 250 Europro Jahr und Kind“, so Strache.Auch im Bereich der Sicherheit gebe es eine klare blaue Handschrift.„Das Innenministerium schafft 2.100 neue Planstellen und 2.000Ausbildungsplätze für Polizistinnen und Polizisten und eine weiterePolizeischule in Wels. Auch im Asyl- und Fremdenwesen wird esVerschärfungen geben, straffällige Asylwerber müssen künftigkonsequent abgeschoben werden“, führte der Vizekanzler weiter aus.Der Sparstift angesetzt werde einerseits bei den Nicht-Österreichernund andererseits bei der Verwaltung. Auch der Transfer vonFamilienbeihilfen für Kinder, die im Ausland leben, soll an denjeweiligen Lebenskosten-Index angepasst werden.Und es werde auch das Kopftuchverbot in Kindergärten und Volksschulenkommen. „Die Kinder müssen geschützt werden. Wir setzen damit aberauch ein Zeichen gegen den politischen Islam“, so der Vizekanzler.Außerdem werde der Forderung „Deutsch vor Schuleintritt“ endlichRechnung getragen.„Unser Anspruch ist eine nachhaltige Veränderung. Wir sind als die„Soziale Heimatpartei” angetreten. 111 Tage haben wir jetzt hinteruns. Wir haben Großartiges geleistet und erreicht. Machen wir soweiter, dann steht vielen freiheitlichen Regierungsjahren nichts imWeg“, sagte Vizekanzler Strache.OTS-ORIGINALTEXT PRESSEAUSSENDUNG UNTER AUSSCHLIESSLICHER
INHALTLICHER VERANTWORTUNG DES AUSSENDERS - WWW.OTS.AT | NFPprintStichworteFPÖStracheRegierung111-TageChannelPolitikChronik"
FPÖ: Erinnerung: „111 Tage Bundesregierung“ mit Vizekanzler Heinz-Christian Strache am 7. April in Salzburg,Wien (OTS) - Hiermit laden wir die Kolleginnen und Kollegen der Medien zu folgendem Termin ein:,2018-04-06T09:28:47+02:00,https://www.ots.at/presseaussendung/OTS_20180406_OTS0033/fpoe-erinnerung-111-tage-bundesregierung-mit-vizekanzler-heinz-christian-strache-am-7-april-in-salzburg,"Wien (OTS) - Hiermit laden wir die Kolleginnen und Kollegen derMedien zu folgendem Termin ein:„111 Tage Bundesregierung“ mit FPÖ-Bundesparteiobmann VizekanzlerHeinz-Christian Strache und den FPÖ-Ministern in Salzburg.Datum: MORGEN, Samstag, 7. April 2018, ab 10 UhrOrt: Salzburg Congress, Mozart Saal, Auerspergstraße 6, 5020 SalzburgFestredner: Vizekanzler Heinz-Christian StracheOTS-ORIGINALTEXT PRESSEAUSSENDUNG UNTER AUSSCHLIESSLICHER
INHALTLICHER VERANTWORTUNG DES AUSSENDERS - WWW.OTS.AT | NFPprintStichworteFPÖStracheBundesregierungSalzburgTerminPolitik-ChannelPolitik"
Klarstellung zum Symposium „Sobibor – die Unzerbrechlichkeit der Zerbrechlichen“,"Wien (OTS) - Michel Reimon, Europaabgeordneter und Co-Delegationsleiter der Grünen liegt mit seinen Behauptungen falsch. Bei dem Symposium „Sobibor – die Unzerbrechlichkeit der Zerbrechlichen“ handelt es...",2018-03-21T14:17:03+01:00,https://www.ots.at/presseaussendung/OTS_20180321_OTS0232/klarstellung-zum-symposium-sobibor-die-unzerbrechlichkeit-der-zerbrechlichen,"Wien (OTS) - Michel Reimon, Europaabgeordneter undCo-Delegationsleiter der Grünen liegt mit seinen Behauptungen falsch.Bei dem Symposium „Sobibor – die Unzerbrechlichkeit derZerbrechlichen“ handelt es sich weder um eine Veranstaltung der FPÖnoch um eine Veranstaltung der Bundesregierung, sondern um eineKooperation der Alexander Pechersky Foundation mit dem FreiheitlichenBildungsinstitut im Rahmen der internationalen staatsbürgerlichenBildungsarbeit.OTS-ORIGINALTEXT PRESSEAUSSENDUNG UNTER AUSSCHLIESSLICHER
INHALTLICHER VERANTWORTUNG DES AUSSENDERS - WWW.OTS.AT | NFPprintStichworteSymposiumReimonFPÖChannelPolitik"
FPÖ: Aviso: Morgen Symposium „Sobibor - die Unzerbrechlichkeit der Zerbrechlichen“ mit Vizekanzler Strache und Außenministerin Kneissl,Wien (OTS) - Hiermit laden wir die Kolleginnen und Kollegen der Medien zu folgendem Termin ein:,2018-03-21T09:26:24+01:00,https://www.ots.at/presseaussendung/OTS_20180321_OTS0029/fpoe-aviso-morgen-symposium-sobibor-die-unzerbrechlichkeit-der-zerbrechlichen-mit-vizekanzler-strache-und-aussenministerin-kneissl,"Wien (OTS) - Hiermit laden wir die Kolleginnen und Kollegen derMedien zu folgendem Termin ein:Das FPÖ-Bildungsinstitut und die Alexander-Pechersky-Foundation ladenzum Symposium „Sobibor - die Unzerbrechlichkeit der Zerbrechlichen“.Der Aufstand im Vernichtungslager Sobibor, unter der Führung desOffiziers der Roten Armee Alexander Pechersky, war der einzige in derGeschichte des Holocaust, in dem eine organisierte Massenﬂuchtgelang.PROGRAMM:Eröffnungsrede: Dr. Karin KNEISSL, Bundesministerin für Europa,Integration und ÄußeresRede: Heinz-Christian STRACHE, Vizekanzler und Bundesminister füröffentlichen Dienst und SportGrußworte:Dmitrij LJUBINSKIJ, Botschafter der Russischen Föderation inÖsterreichNikolay ZEMCOV, MP Co-Vorsitzender ""The Immortal Regiment of Russia""Dr. Konstantin MOGILEVSKY, Vorsitzender ""Russia‘s History ofFatherland Foundation""Michael KLEINER, Abgeordneter der Knesset a.D., Präsident desLikud-ParteigerichtsAlina POPOVA, Enkelin von Alexander PecherskyUraufführung des Films „Sobibor“ (30 min.), anschl. GesprächsrundeModeration: Ursula SCHWEIGER-STENZEL, langjährigeAußenpolitik-Redakteurin und Moderatorin des ORF, Stadträtin in WienDatum: Donnerstag, 22. März 2018, um 18:30 UhrOrt: Grand Hotel, Ballsaal, Kärntner Ring 9, 1010 WienEine Anmeldung ist unterbildungsinstitut@fpoe.atoder 01/512 35 35 –36 unbedingt erforderlich!OTS-ORIGINALTEXT PRESSEAUSSENDUNG UNTER AUSSCHLIESSLICHER
INHALTLICHER VERANTWORTUNG DES AUSSENDERS - WWW.OTS.AT | NFPprintStichworteFPÖTerminSymposiumStracheKneisslChannelPolitik"
FPÖ: Aviso: Symposium „Sobibor - die Unzerbrechlichkeit der Zerbrechlichen“ mit Vizekanzler Strache und Außenministerin Kneissl,Wien (OTS) - Das FPÖ-Bildungsinstitut und die Alexander-Pechersky-Foundation laden zum Symposium „Sobibor - die Unzerbrechlichkeit der Zerbrechlichen“.,2018-03-19T13:25:03+01:00,https://www.ots.at/presseaussendung/OTS_20180319_OTS0130/fpoe-aviso-symposium-sobibor-die-unzerbrechlichkeit-der-zerbrechlichen-mit-vizekanzler-strache-und-aussenministerin-kneissl,"Wien (OTS) - Das FPÖ-Bildungsinstitut und dieAlexander-Pechersky-Foundation laden zum Symposium „Sobibor - dieUnzerbrechlichkeit der Zerbrechlichen“.Der Aufstand im Vernichtungslager Sobibor, unter der Führung desOffiziers der Roten Armee Alexander Pechersky, war der einzige in derGeschichte des Holocaust, in dem eine organisierte Massenﬂuchtgelang.Datum: Donnerstag, 22. März 2018, um 18:30 UhrOrt: Grand Hotel, Ballsaal, Kärntner Ring 9, 1010 WienPROGRAMM:Eröffnungsrede: Dr. Karin KNEISSL, Bundesministerin für Europa,Integration und ÄußeresRede: Heinz-Christian STRACHE, Vizekanzler und Bundesminister füröffentlichen Dienst und SportGrußworte:Dmitrij LJUBINSKIJ, Botschafter der Russischen Föderation inÖsterreichNikolay ZEMCOV, MP Co-Vorsitzender ""The Immortal Regiment of Russia""Dr. Konstantin MOGILEVSKY, Vorsitzender ""Russia‘s History ofFatherland Foundation""Michael KLEINER, Abgeordneter der Knesset a.D., Präsident desLikud-ParteigerichtsAlina POPOVA, Enkelin von Alexander PecherskyUraufführung des Films „Sobibor“ (30 min.), anschl. GesprächsrundeModeration: Ursula SCHWEIGER-STENZEL, langjährigeAußenpolitik-Redakteurin und Moderatorin des ORF, Stadträtin in WienOTS-ORIGINALTEXT PRESSEAUSSENDUNG UNTER AUSSCHLIESSLICHER
INHALTLICHER VERANTWORTUNG DES AUSSENDERS - WWW.OTS.AT | NFPprintStichworteFPÖTerminSymposiumStracheKneisslChannelPolitik"
